-- MySQL dump 10.13  Distrib 5.7.10, for Linux (x86_64)
--
-- Host: localhost    Database: kmtc
-- ------------------------------------------------------
-- Server version	5.7.10

/*!40101 SET @OLD_CHARACTER_SET_CLIENT=@@CHARACTER_SET_CLIENT */;
/*!40101 SET @OLD_CHARACTER_SET_RESULTS=@@CHARACTER_SET_RESULTS */;
/*!40101 SET @OLD_COLLATION_CONNECTION=@@COLLATION_CONNECTION */;
/*!40101 SET NAMES utf8 */;
/*!40103 SET @OLD_TIME_ZONE=@@TIME_ZONE */;
/*!40103 SET TIME_ZONE='+00:00' */;
/*!40014 SET @OLD_UNIQUE_CHECKS=@@UNIQUE_CHECKS, UNIQUE_CHECKS=0 */;
/*!40014 SET @OLD_FOREIGN_KEY_CHECKS=@@FOREIGN_KEY_CHECKS, FOREIGN_KEY_CHECKS=0 */;
/*!40101 SET @OLD_SQL_MODE=@@SQL_MODE, SQL_MODE='NO_AUTO_VALUE_ON_ZERO' */;
/*!40111 SET @OLD_SQL_NOTES=@@SQL_NOTES, SQL_NOTES=0 */;

--
-- Table structure for table `applications`
--

DROP TABLE IF EXISTS `applications`;
/*!40101 SET @saved_cs_client     = @@character_set_client */;
/*!40101 SET character_set_client = utf8 */;
CREATE TABLE `applications` (
  `id` int(10) unsigned NOT NULL AUTO_INCREMENT,
  `application_no` varchar(20) COLLATE utf8_unicode_ci NOT NULL,
  `user_id` int(10) unsigned NOT NULL,
  `form_id` int(10) unsigned NOT NULL,
  `applicable_id` int(11) NOT NULL,
  `applicable_type` varchar(25) COLLATE utf8_unicode_ci NOT NULL,
  `published` tinyint(1) NOT NULL DEFAULT '0',
  `submission_date` datetime DEFAULT NULL,
  `viewed` tinyint(1) NOT NULL DEFAULT '0',
  `billed` tinyint(1) DEFAULT '0',
  `status_id` int(10) unsigned NOT NULL,
  `notes` longtext COLLATE utf8_unicode_ci,
  `token` varchar(255) COLLATE utf8_unicode_ci NOT NULL,
  `created_by` int(10) unsigned NOT NULL,
  `created_at` timestamp NULL DEFAULT NULL,
  `updated_at` timestamp NULL DEFAULT NULL,
  PRIMARY KEY (`id`),
  UNIQUE KEY `applications_application_no_unique` (`application_no`),
  KEY `applications_created_by_foreign` (`created_by`),
  KEY `applications_user_id_index` (`user_id`),
  KEY `applications_form_id_index` (`form_id`),
  KEY `applications_status_id_index` (`status_id`),
  CONSTRAINT `applications_created_by_foreign` FOREIGN KEY (`created_by`) REFERENCES `users` (`id`) ON DELETE CASCADE,
  CONSTRAINT `applications_form_id_foreign` FOREIGN KEY (`form_id`) REFERENCES `forms` (`id`) ON DELETE CASCADE,
  CONSTRAINT `applications_status_id_foreign` FOREIGN KEY (`status_id`) REFERENCES `statuses` (`id`) ON DELETE CASCADE,
  CONSTRAINT `applications_user_id_foreign` FOREIGN KEY (`user_id`) REFERENCES `users` (`id`) ON DELETE CASCADE
) ENGINE=InnoDB AUTO_INCREMENT=12 DEFAULT CHARSET=utf8 COLLATE=utf8_unicode_ci;
/*!40101 SET character_set_client = @saved_cs_client */;

--
-- Dumping data for table `applications`
--

LOCK TABLES `applications` WRITE;
/*!40000 ALTER TABLE `applications` DISABLE KEYS */;
INSERT INTO `applications` VALUES (1,'APP16030001',2,2,2,'App\\User',0,NULL,0,0,1,NULL,'8a706dd9c94f25d6990dd55f46f37a1f',2,'2016-03-18 11:14:14','2016-03-18 11:14:14'),(2,'APP16030002',2,3,2,'App\\User',0,NULL,0,0,1,NULL,'f44b91d581adadfe8aeaf0830c1b45d4',2,'2016-03-18 11:28:24','2016-03-18 11:28:24'),(3,'APP16030003',2,1,2,'App\\User',0,'2016-03-18 15:19:16',0,1,1,NULL,'16c74b965d30fbc9a5816b5edfc4d11d',2,'2016-03-18 11:30:03','2016-03-18 12:19:16'),(4,'APP16030004',2,1,2,'App\\User',0,NULL,0,0,1,NULL,'652716e156d2ae52598ec118f767a0d0',2,'2016-03-21 16:00:10','2016-03-21 16:00:10'),(5,'APP16030005',2,4,1,'App\\Service',1,'2016-03-22 19:13:53',0,0,1,NULL,'e6ef8d1ede17e971b150abc81c2aa721',2,'2016-03-22 16:07:52','2016-03-22 16:13:53'),(6,'APP16030006',2,4,1,'App\\Service',1,'2016-03-22 19:30:27',0,0,1,NULL,'be6d52893ff39de658f9cc3e7ec91099',2,'2016-03-22 16:29:23','2016-03-22 16:30:27'),(7,'APP16030007',2,4,1,'App\\Service',1,'2016-03-22 19:37:54',0,0,1,NULL,'566d7f559873ab892add220e3a1afdc4',2,'2016-03-22 16:31:05','2016-03-22 16:37:54'),(8,'APP16030008',2,4,1,'App\\Service',1,'2016-03-22 19:55:16',0,0,1,NULL,'48a65ff4c86bdca237a6051814c6cf9b',2,'2016-03-22 16:40:48','2016-03-22 16:55:16'),(9,'APP16030009',2,4,1,'App\\Service',1,'2016-03-22 20:01:47',0,0,1,NULL,'268607a6a760d97b189490082f46f46b',2,'2016-03-22 16:55:47','2016-03-22 17:01:47'),(10,'APP16030010',2,4,1,'App\\Service',1,'2016-03-22 20:14:58',0,0,1,NULL,'ccfed96c4bbd8e0534684b092dd825ed',2,'2016-03-22 17:03:02','2016-03-22 17:14:58'),(11,'APP16030011',2,2,2,'App\\Form',0,NULL,0,0,1,NULL,'206d5218e45aadb86569919c52af1c1c',2,'2016-03-22 17:40:31','2016-03-22 17:40:31');
/*!40000 ALTER TABLE `applications` ENABLE KEYS */;
UNLOCK TABLES;

--
-- Table structure for table `bill_tokens`
--

DROP TABLE IF EXISTS `bill_tokens`;
/*!40101 SET @saved_cs_client     = @@character_set_client */;
/*!40101 SET character_set_client = utf8 */;
CREATE TABLE `bill_tokens` (
  `id` int(10) unsigned NOT NULL AUTO_INCREMENT,
  `token` varchar(255) COLLATE utf8_unicode_ci NOT NULL,
  `created_at` timestamp NULL DEFAULT NULL,
  `updated_at` timestamp NULL DEFAULT NULL,
  PRIMARY KEY (`id`),
  UNIQUE KEY `bill_tokens_token_unique` (`token`)
) ENGINE=InnoDB AUTO_INCREMENT=5 DEFAULT CHARSET=utf8 COLLATE=utf8_unicode_ci;
/*!40101 SET character_set_client = @saved_cs_client */;

--
-- Dumping data for table `bill_tokens`
--

LOCK TABLES `bill_tokens` WRITE;
/*!40000 ALTER TABLE `bill_tokens` DISABLE KEYS */;
INSERT INTO `bill_tokens` VALUES (1,'00000001',NULL,NULL),(2,'2',NULL,NULL),(3,'3',NULL,NULL),(4,'A3iJBh6',NULL,NULL);
/*!40000 ALTER TABLE `bill_tokens` ENABLE KEYS */;
UNLOCK TABLES;

--
-- Table structure for table `bills`
--

DROP TABLE IF EXISTS `bills`;
/*!40101 SET @saved_cs_client     = @@character_set_client */;
/*!40101 SET character_set_client = utf8 */;
CREATE TABLE `bills` (
  `id` int(10) unsigned NOT NULL AUTO_INCREMENT,
  `billable_id` int(10) unsigned NOT NULL,
  `billable_type` varchar(255) COLLATE utf8_unicode_ci NOT NULL,
  `user_id` int(10) unsigned NOT NULL,
  `bill_no` varchar(255) COLLATE utf8_unicode_ci DEFAULT NULL,
  `bill_account_no` varchar(15) COLLATE utf8_unicode_ci DEFAULT NULL,
  `items` int(11) NOT NULL,
  `cost` double NOT NULL,
  `total` double NOT NULL,
  `paid` tinyint(1) NOT NULL DEFAULT '0',
  `invoiced` tinyint(1) NOT NULL DEFAULT '0',
  `invoice_id` int(11) DEFAULT NULL,
  `description` longtext COLLATE utf8_unicode_ci,
  `created_at` timestamp NULL DEFAULT NULL,
  `updated_at` timestamp NULL DEFAULT NULL,
  PRIMARY KEY (`id`),
  UNIQUE KEY `bills_bill_no_unique` (`bill_no`),
  UNIQUE KEY `bill_account_no` (`bill_account_no`),
  KEY `bills_billable_id_billable_type_index` (`billable_id`,`billable_type`),
  KEY `bills_user_id_index` (`user_id`),
  KEY `bills_paid_index` (`paid`),
  CONSTRAINT `bills_user_id_foreign` FOREIGN KEY (`user_id`) REFERENCES `users` (`id`) ON DELETE CASCADE
) ENGINE=InnoDB AUTO_INCREMENT=4 DEFAULT CHARSET=utf8 COLLATE=utf8_unicode_ci;
/*!40101 SET character_set_client = @saved_cs_client */;

--
-- Dumping data for table `bills`
--

LOCK TABLES `bills` WRITE;
/*!40000 ALTER TABLE `bills` DISABLE KEYS */;
INSERT INTO `bills` VALUES (3,3,'App\\Application',2,'3','A3iJBh6',1,50,50,0,0,NULL,'Bill for Service APP16030003 - Diploma in Nursing @ KES 50 for 1','2016-03-21 15:17:14','2016-03-21 15:17:14');
/*!40000 ALTER TABLE `bills` ENABLE KEYS */;
UNLOCK TABLES;

--
-- Table structure for table `campus_courses`
--

DROP TABLE IF EXISTS `campus_courses`;
/*!40101 SET @saved_cs_client     = @@character_set_client */;
/*!40101 SET character_set_client = utf8 */;
CREATE TABLE `campus_courses` (
  `id` int(10) unsigned NOT NULL AUTO_INCREMENT,
  `created_at` timestamp NULL DEFAULT NULL,
  `updated_at` timestamp NULL DEFAULT NULL,
  PRIMARY KEY (`id`)
) ENGINE=InnoDB DEFAULT CHARSET=utf8 COLLATE=utf8_unicode_ci;
/*!40101 SET character_set_client = @saved_cs_client */;

--
-- Dumping data for table `campus_courses`
--

LOCK TABLES `campus_courses` WRITE;
/*!40000 ALTER TABLE `campus_courses` DISABLE KEYS */;
/*!40000 ALTER TABLE `campus_courses` ENABLE KEYS */;
UNLOCK TABLES;

--
-- Table structure for table `campuses`
--

DROP TABLE IF EXISTS `campuses`;
/*!40101 SET @saved_cs_client     = @@character_set_client */;
/*!40101 SET character_set_client = utf8 */;
CREATE TABLE `campuses` (
  `id` int(10) unsigned NOT NULL AUTO_INCREMENT,
  `code` varchar(255) COLLATE utf8_unicode_ci NOT NULL,
  `name` varchar(255) COLLATE utf8_unicode_ci NOT NULL,
  `created_at` timestamp NULL DEFAULT NULL,
  `updated_at` timestamp NULL DEFAULT NULL,
  PRIMARY KEY (`id`),
  UNIQUE KEY `campuses_code_unique` (`code`),
  KEY `campuses_name_index` (`name`)
) ENGINE=InnoDB DEFAULT CHARSET=utf8 COLLATE=utf8_unicode_ci;
/*!40101 SET character_set_client = @saved_cs_client */;

--
-- Dumping data for table `campuses`
--

LOCK TABLES `campuses` WRITE;
/*!40000 ALTER TABLE `campuses` DISABLE KEYS */;
/*!40000 ALTER TABLE `campuses` ENABLE KEYS */;
UNLOCK TABLES;

--
-- Table structure for table `categories`
--

DROP TABLE IF EXISTS `categories`;
/*!40101 SET @saved_cs_client     = @@character_set_client */;
/*!40101 SET character_set_client = utf8 */;
CREATE TABLE `categories` (
  `id` int(10) unsigned NOT NULL AUTO_INCREMENT,
  `name` varchar(255) COLLATE utf8_unicode_ci NOT NULL,
  `created_at` timestamp NULL DEFAULT NULL,
  `updated_at` timestamp NULL DEFAULT NULL,
  PRIMARY KEY (`id`)
) ENGINE=InnoDB AUTO_INCREMENT=3 DEFAULT CHARSET=utf8 COLLATE=utf8_unicode_ci;
/*!40101 SET character_set_client = @saved_cs_client */;

--
-- Dumping data for table `categories`
--

LOCK TABLES `categories` WRITE;
/*!40000 ALTER TABLE `categories` DISABLE KEYS */;
INSERT INTO `categories` VALUES (1,'Diploma',NULL,NULL),(2,'Certificate',NULL,NULL);
/*!40000 ALTER TABLE `categories` ENABLE KEYS */;
UNLOCK TABLES;

--
-- Table structure for table `constituencies`
--

DROP TABLE IF EXISTS `constituencies`;
/*!40101 SET @saved_cs_client     = @@character_set_client */;
/*!40101 SET character_set_client = utf8 */;
CREATE TABLE `constituencies` (
  `id` int(10) unsigned NOT NULL AUTO_INCREMENT,
  `county_id` int(10) unsigned NOT NULL,
  `name` varchar(255) COLLATE utf8_unicode_ci NOT NULL,
  `created_at` timestamp NULL DEFAULT NULL,
  `updated_at` timestamp NULL DEFAULT NULL,
  PRIMARY KEY (`id`),
  KEY `constituencies_county_id_index` (`county_id`),
  CONSTRAINT `constituencies_county_id_foreign` FOREIGN KEY (`county_id`) REFERENCES `counties` (`id`) ON DELETE CASCADE
) ENGINE=InnoDB DEFAULT CHARSET=utf8 COLLATE=utf8_unicode_ci;
/*!40101 SET character_set_client = @saved_cs_client */;

--
-- Dumping data for table `constituencies`
--

LOCK TABLES `constituencies` WRITE;
/*!40000 ALTER TABLE `constituencies` DISABLE KEYS */;
/*!40000 ALTER TABLE `constituencies` ENABLE KEYS */;
UNLOCK TABLES;

--
-- Table structure for table `counties`
--

DROP TABLE IF EXISTS `counties`;
/*!40101 SET @saved_cs_client     = @@character_set_client */;
/*!40101 SET character_set_client = utf8 */;
CREATE TABLE `counties` (
  `id` int(10) unsigned NOT NULL AUTO_INCREMENT,
  `name` varchar(255) COLLATE utf8_unicode_ci NOT NULL,
  `created_at` timestamp NULL DEFAULT NULL,
  `updated_at` timestamp NULL DEFAULT NULL,
  PRIMARY KEY (`id`)
) ENGINE=InnoDB DEFAULT CHARSET=utf8 COLLATE=utf8_unicode_ci;
/*!40101 SET character_set_client = @saved_cs_client */;

--
-- Dumping data for table `counties`
--

LOCK TABLES `counties` WRITE;
/*!40000 ALTER TABLE `counties` DISABLE KEYS */;
/*!40000 ALTER TABLE `counties` ENABLE KEYS */;
UNLOCK TABLES;

--
-- Table structure for table `countries`
--

DROP TABLE IF EXISTS `countries`;
/*!40101 SET @saved_cs_client     = @@character_set_client */;
/*!40101 SET character_set_client = utf8 */;
CREATE TABLE `countries` (
  `id` int(11) NOT NULL,
  `capital` varchar(255) COLLATE utf8_unicode_ci DEFAULT NULL,
  `citizenship` varchar(255) COLLATE utf8_unicode_ci DEFAULT NULL,
  `country_code` char(3) COLLATE utf8_unicode_ci NOT NULL DEFAULT '',
  `currency` varchar(255) COLLATE utf8_unicode_ci DEFAULT NULL,
  `currency_code` varchar(255) COLLATE utf8_unicode_ci DEFAULT NULL,
  `currency_sub_unit` varchar(255) COLLATE utf8_unicode_ci DEFAULT NULL,
  `currency_symbol` varchar(3) COLLATE utf8_unicode_ci DEFAULT NULL,
  `full_name` varchar(255) COLLATE utf8_unicode_ci DEFAULT NULL,
  `iso_3166_2` char(2) COLLATE utf8_unicode_ci NOT NULL DEFAULT '',
  `iso_3166_3` char(3) COLLATE utf8_unicode_ci NOT NULL DEFAULT '',
  `name` varchar(255) COLLATE utf8_unicode_ci NOT NULL DEFAULT '',
  `region_code` char(3) COLLATE utf8_unicode_ci NOT NULL DEFAULT '',
  `sub_region_code` char(3) COLLATE utf8_unicode_ci NOT NULL DEFAULT '',
  `eea` tinyint(1) NOT NULL DEFAULT '0',
  `calling_code` varchar(3) COLLATE utf8_unicode_ci DEFAULT NULL,
  `flag` varchar(6) COLLATE utf8_unicode_ci DEFAULT NULL,
  PRIMARY KEY (`id`),
  KEY `countries_id_index` (`id`)
) ENGINE=InnoDB DEFAULT CHARSET=utf8 COLLATE=utf8_unicode_ci;
/*!40101 SET character_set_client = @saved_cs_client */;

--
-- Dumping data for table `countries`
--

LOCK TABLES `countries` WRITE;
/*!40000 ALTER TABLE `countries` DISABLE KEYS */;
INSERT INTO `countries` VALUES (4,'Kabul','Afghan','004','afghani','AFN','pul','؋','Islamic Republic of Afghanistan','AF','AFG','Afghanistan','142','034',0,'93','AF.png'),(8,'Tirana','Albanian','008','lek','ALL','(qindar (pl. qindarka))','Lek','Republic of Albania','AL','ALB','Albania','150','039',0,'355','AL.png'),(10,'Antartica','of Antartica','010','','','','','Antarctica','AQ','ATA','Antarctica','','',0,'672','AQ.png'),(12,'Algiers','Algerian','012','Algerian dinar','DZD','centime','DZD','People’s Democratic Republic of Algeria','DZ','DZA','Algeria','002','015',0,'213','DZ.png'),(16,'Pago Pago','American Samoan','016','US dollar','USD','cent','$','Territory of American','AS','ASM','American Samoa','009','061',0,'1','AS.png'),(20,'Andorra la Vella','Andorran','020','euro','EUR','cent','€','Principality of Andorra','AD','AND','Andorra','150','039',0,'376','AD.png'),(24,'Luanda','Angolan','024','kwanza','AOA','cêntimo','Kz','Republic of Angola','AO','AGO','Angola','002','017',0,'244','AO.png'),(28,'St John’s','of Antigua and Barbuda','028','East Caribbean dollar','XCD','cent','$','Antigua and Barbuda','AG','ATG','Antigua and Barbuda','019','029',0,'1','AG.png'),(31,'Baku','Azerbaijani','031','Azerbaijani manat','AZN','kepik (inv.)','ман','Republic of Azerbaijan','AZ','AZE','Azerbaijan','142','145',0,'994','AZ.png'),(32,'Buenos Aires','Argentinian','032','Argentine peso','ARS','centavo','$','Argentine Republic','AR','ARG','Argentina','019','005',0,'54','AR.png'),(36,'Canberra','Australian','036','Australian dollar','AUD','cent','$','Commonwealth of Australia','AU','AUS','Australia','009','053',0,'61','AU.png'),(40,'Vienna','Austrian','040','euro','EUR','cent','€','Republic of Austria','AT','AUT','Austria','150','155',1,'43','AT.png'),(44,'Nassau','Bahamian','044','Bahamian dollar','BSD','cent','$','Commonwealth of the Bahamas','BS','BHS','Bahamas','019','029',0,'1','BS.png'),(48,'Manama','Bahraini','048','Bahraini dinar','BHD','fils (inv.)','BHD','Kingdom of Bahrain','BH','BHR','Bahrain','142','145',0,'973','BH.png'),(50,'Dhaka','Bangladeshi','050','taka (inv.)','BDT','poisha (inv.)','BDT','People’s Republic of Bangladesh','BD','BGD','Bangladesh','142','034',0,'880','BD.png'),(51,'Yerevan','Armenian','051','dram (inv.)','AMD','luma','AMD','Republic of Armenia','AM','ARM','Armenia','142','145',0,'374','AM.png'),(52,'Bridgetown','Barbadian','052','Barbados dollar','BBD','cent','$','Barbados','BB','BRB','Barbados','019','029',0,'1','BB.png'),(56,'Brussels','Belgian','056','euro','EUR','cent','€','Kingdom of Belgium','BE','BEL','Belgium','150','155',1,'32','BE.png'),(60,'Hamilton','Bermudian','060','Bermuda dollar','BMD','cent','$','Bermuda','BM','BMU','Bermuda','019','021',0,'1','BM.png'),(64,'Thimphu','Bhutanese','064','ngultrum (inv.)','BTN','chhetrum (inv.)','BTN','Kingdom of Bhutan','BT','BTN','Bhutan','142','034',0,'975','BT.png'),(68,'Sucre (BO1)','Bolivian','068','boliviano','BOB','centavo','$b','Plurinational State of Bolivia','BO','BOL','Bolivia, Plurinational State of','019','005',0,'591','BO.png'),(70,'Sarajevo','of Bosnia and Herzegovina','070','convertible mark','BAM','fening','KM','Bosnia and Herzegovina','BA','BIH','Bosnia and Herzegovina','150','039',0,'387','BA.png'),(72,'Gaborone','Botswanan','072','pula (inv.)','BWP','thebe (inv.)','P','Republic of Botswana','BW','BWA','Botswana','002','018',0,'267','BW.png'),(74,'Bouvet island','of Bouvet island','074','','','','kr','Bouvet Island','BV','BVT','Bouvet Island','','',0,'47','BV.png'),(76,'Brasilia','Brazilian','076','real (pl. reais)','BRL','centavo','R$','Federative Republic of Brazil','BR','BRA','Brazil','019','005',0,'55','BR.png'),(84,'Belmopan','Belizean','084','Belize dollar','BZD','cent','BZ$','Belize','BZ','BLZ','Belize','019','013',0,'501','BZ.png'),(86,'Diego Garcia','Changosian','086','US dollar','USD','cent','$','British Indian Ocean Territory','IO','IOT','British Indian Ocean Territory','','',0,'246','IO.png'),(90,'Honiara','Solomon Islander','090','Solomon Islands dollar','SBD','cent','$','Solomon Islands','SB','SLB','Solomon Islands','009','054',0,'677','SB.png'),(92,'Road Town','British Virgin Islander;','092','US dollar','USD','cent','$','British Virgin Islands','VG','VGB','Virgin Islands, British','019','029',0,'1','VG.png'),(96,'Bandar Seri Begawan','Bruneian','096','Brunei dollar','BND','sen (inv.)','$','Brunei Darussalam','BN','BRN','Brunei Darussalam','142','035',0,'673','BN.png'),(100,'Sofia','Bulgarian','100','lev (pl. leva)','BGN','stotinka','лв','Republic of Bulgaria','BG','BGR','Bulgaria','150','151',1,'359','BG.png'),(104,'Yangon','Burmese','104','kyat','MMK','pya','K','Union of Myanmar/','MM','MMR','Myanmar','142','035',0,'95','MM.png'),(108,'Bujumbura','Burundian','108','Burundi franc','BIF','centime','BIF','Republic of Burundi','BI','BDI','Burundi','002','014',0,'257','BI.png'),(112,'Minsk','Belarusian','112','Belarusian rouble','BYR','kopek','p.','Republic of Belarus','BY','BLR','Belarus','150','151',0,'375','BY.png'),(116,'Phnom Penh','Cambodian','116','riel','KHR','sen (inv.)','៛','Kingdom of Cambodia','KH','KHM','Cambodia','142','035',0,'855','KH.png'),(120,'Yaoundé','Cameroonian','120','CFA franc (BEAC)','XAF','centime','FCF','Republic of Cameroon','CM','CMR','Cameroon','002','017',0,'237','CM.png'),(124,'Ottawa','Canadian','124','Canadian dollar','CAD','cent','$','Canada','CA','CAN','Canada','019','021',0,'1','CA.png'),(132,'Praia','Cape Verdean','132','Cape Verde escudo','CVE','centavo','CVE','Republic of Cape Verde','CV','CPV','Cape Verde','002','011',0,'238','CV.png'),(136,'George Town','Caymanian','136','Cayman Islands dollar','KYD','cent','$','Cayman Islands','KY','CYM','Cayman Islands','019','029',0,'1','KY.png'),(140,'Bangui','Central African','140','CFA franc (BEAC)','XAF','centime','FCF','Central African Republic','CF','CAF','Central African Republic','002','017',0,'236','CF.png'),(144,'Colombo','Sri Lankan','144','Sri Lankan rupee','LKR','cent','₨','Democratic Socialist Republic of Sri Lanka','LK','LKA','Sri Lanka','142','034',0,'94','LK.png'),(148,'N’Djamena','Chadian','148','CFA franc (BEAC)','XAF','centime','XAF','Republic of Chad','TD','TCD','Chad','002','017',0,'235','TD.png'),(152,'Santiago','Chilean','152','Chilean peso','CLP','centavo','CLP','Republic of Chile','CL','CHL','Chile','019','005',0,'56','CL.png'),(156,'Beijing','Chinese','156','renminbi-yuan (inv.)','CNY','jiao (10)','¥','People’s Republic of China','CN','CHN','China','142','030',0,'86','CN.png'),(158,'Taipei','Taiwanese','158','new Taiwan dollar','TWD','fen (inv.)','NT$','Republic of China, Taiwan (TW1)','TW','TWN','Taiwan, Province of China','142','030',0,'886','TW.png'),(162,'Flying Fish Cove','Christmas Islander','162','Australian dollar','AUD','cent','$','Christmas Island Territory','CX','CXR','Christmas Island','','',0,'61','CX.png'),(166,'Bantam','Cocos Islander','166','Australian dollar','AUD','cent','$','Territory of Cocos (Keeling) Islands','CC','CCK','Cocos (Keeling) Islands','','',0,'61','CC.png'),(170,'Santa Fe de Bogotá','Colombian','170','Colombian peso','COP','centavo','$','Republic of Colombia','CO','COL','Colombia','019','005',0,'57','CO.png'),(174,'Moroni','Comorian','174','Comorian franc','KMF','','KMF','Union of the Comoros','KM','COM','Comoros','002','014',0,'269','KM.png'),(175,'Mamoudzou','Mahorais','175','euro','EUR','cent','€','Departmental Collectivity of Mayotte','YT','MYT','Mayotte','002','014',0,'262','YT.png'),(178,'Brazzaville','Congolese','178','CFA franc (BEAC)','XAF','centime','FCF','Republic of the Congo','CG','COG','Congo','002','017',0,'242','CG.png'),(180,'Kinshasa','Congolese','180','Congolese franc','CDF','centime','CDF','Democratic Republic of the Congo','CD','COD','Congo, the Democratic Republic of the','002','017',0,'243','CD.png'),(184,'Avarua','Cook Islander','184','New Zealand dollar','NZD','cent','$','Cook Islands','CK','COK','Cook Islands','009','061',0,'682','CK.png'),(188,'San José','Costa Rican','188','Costa Rican colón (pl. colones)','CRC','céntimo','₡','Republic of Costa Rica','CR','CRI','Costa Rica','019','013',0,'506','CR.png'),(191,'Zagreb','Croatian','191','kuna (inv.)','HRK','lipa (inv.)','kn','Republic of Croatia','HR','HRV','Croatia','150','039',1,'385','HR.png'),(192,'Havana','Cuban','192','Cuban peso','CUP','centavo','₱','Republic of Cuba','CU','CUB','Cuba','019','029',0,'53','CU.png'),(196,'Nicosia','Cypriot','196','euro','EUR','cent','CYP','Republic of Cyprus','CY','CYP','Cyprus','142','145',1,'357','CY.png'),(203,'Prague','Czech','203','Czech koruna (pl. koruny)','CZK','halér','Kč','Czech Republic','CZ','CZE','Czech Republic','150','151',1,'420','CZ.png'),(204,'Porto Novo (BJ1)','Beninese','204','CFA franc (BCEAO)','XOF','centime','XOF','Republic of Benin','BJ','BEN','Benin','002','011',0,'229','BJ.png'),(208,'Copenhagen','Danish','208','Danish krone','DKK','øre (inv.)','kr','Kingdom of Denmark','DK','DNK','Denmark','150','154',1,'45','DK.png'),(212,'Roseau','Dominican','212','East Caribbean dollar','XCD','cent','$','Commonwealth of Dominica','DM','DMA','Dominica','019','029',0,'1','DM.png'),(214,'Santo Domingo','Dominican','214','Dominican peso','DOP','centavo','RD$','Dominican Republic','DO','DOM','Dominican Republic','019','029',0,'1','DO.png'),(218,'Quito','Ecuadorian','218','US dollar','USD','cent','$','Republic of Ecuador','EC','ECU','Ecuador','019','005',0,'593','EC.png'),(222,'San Salvador','Salvadoran','222','Salvadorian colón (pl. colones)','SVC','centavo','$','Republic of El Salvador','SV','SLV','El Salvador','019','013',0,'503','SV.png'),(226,'Malabo','Equatorial Guinean','226','CFA franc (BEAC)','XAF','centime','FCF','Republic of Equatorial Guinea','GQ','GNQ','Equatorial Guinea','002','017',0,'240','GQ.png'),(231,'Addis Ababa','Ethiopian','231','birr (inv.)','ETB','cent','ETB','Federal Democratic Republic of Ethiopia','ET','ETH','Ethiopia','002','014',0,'251','ET.png'),(232,'Asmara','Eritrean','232','nakfa','ERN','cent','Nfk','State of Eritrea','ER','ERI','Eritrea','002','014',0,'291','ER.png'),(233,'Tallinn','Estonian','233','euro','EUR','cent','kr','Republic of Estonia','EE','EST','Estonia','150','154',1,'372','EE.png'),(234,'Tórshavn','Faeroese','234','Danish krone','DKK','øre (inv.)','kr','Faeroe Islands','FO','FRO','Faroe Islands','150','154',0,'298','FO.png'),(238,'Stanley','Falkland Islander','238','Falkland Islands pound','FKP','new penny','£','Falkland Islands','FK','FLK','Falkland Islands (Malvinas)','019','005',0,'500','FK.png'),(239,'King Edward Point (Grytviken)','of South Georgia and the South Sandwich Islands','239','','','','£','South Georgia and the South Sandwich Islands','GS','SGS','South Georgia and the South Sandwich Islands','','',0,'44','GS.png'),(242,'Suva','Fijian','242','Fiji dollar','FJD','cent','$','Republic of Fiji','FJ','FJI','Fiji','009','054',0,'679','FJ.png'),(246,'Helsinki','Finnish','246','euro','EUR','cent','€','Republic of Finland','FI','FIN','Finland','150','154',1,'358','FI.png'),(248,'Mariehamn','Åland Islander','248','euro','EUR','cent',NULL,'Åland Islands','AX','ALA','Åland Islands','150','154',0,'358',NULL),(250,'Paris','French','250','euro','EUR','cent','€','French Republic','FR','FRA','France','150','155',1,'33','FR.png'),(254,'Cayenne','Guianese','254','euro','EUR','cent','€','French Guiana','GF','GUF','French Guiana','019','005',0,'594','GF.png'),(258,'Papeete','Polynesian','258','CFP franc','XPF','centime','XPF','French Polynesia','PF','PYF','French Polynesia','009','061',0,'689','PF.png'),(260,'Port-aux-Francais','of French Southern and Antarctic Lands','260','euro','EUR','cent','€','French Southern and Antarctic Lands','TF','ATF','French Southern Territories','','',0,'33','TF.png'),(262,'Djibouti','Djiboutian','262','Djibouti franc','DJF','','DJF','Republic of Djibouti','DJ','DJI','Djibouti','002','014',0,'253','DJ.png'),(266,'Libreville','Gabonese','266','CFA franc (BEAC)','XAF','centime','FCF','Gabonese Republic','GA','GAB','Gabon','002','017',0,'241','GA.png'),(268,'Tbilisi','Georgian','268','lari','GEL','tetri (inv.)','GEL','Georgia','GE','GEO','Georgia','142','145',0,'995','GE.png'),(270,'Banjul','Gambian','270','dalasi (inv.)','GMD','butut','D','Republic of the Gambia','GM','GMB','Gambia','002','011',0,'220','GM.png'),(275,NULL,'Palestinian','275',NULL,NULL,NULL,'₪',NULL,'PS','PSE','Palestinian Territory, Occupied','142','145',0,'970','PS.png'),(276,'Berlin','German','276','euro','EUR','cent','€','Federal Republic of Germany','DE','DEU','Germany','150','155',1,'49','DE.png'),(288,'Accra','Ghanaian','288','Ghana cedi','GHS','pesewa','¢','Republic of Ghana','GH','GHA','Ghana','002','011',0,'233','GH.png'),(292,'Gibraltar','Gibraltarian','292','Gibraltar pound','GIP','penny','£','Gibraltar','GI','GIB','Gibraltar','150','039',0,'350','GI.png'),(296,'Tarawa','Kiribatian','296','Australian dollar','AUD','cent','$','Republic of Kiribati','KI','KIR','Kiribati','009','057',0,'686','KI.png'),(300,'Athens','Greek','300','euro','EUR','cent','€','Hellenic Republic','GR','GRC','Greece','150','039',1,'30','GR.png'),(304,'Nuuk','Greenlander','304','Danish krone','DKK','øre (inv.)','kr','Greenland','GL','GRL','Greenland','019','021',0,'299','GL.png'),(308,'St George’s','Grenadian','308','East Caribbean dollar','XCD','cent','$','Grenada','GD','GRD','Grenada','019','029',0,'1','GD.png'),(312,'Basse Terre','Guadeloupean','312','euro','EUR ','cent','€','Guadeloupe','GP','GLP','Guadeloupe','019','029',0,'590','GP.png'),(316,'Agaña (Hagåtña)','Guamanian','316','US dollar','USD','cent','$','Territory of Guam','GU','GUM','Guam','009','057',0,'1','GU.png'),(320,'Guatemala City','Guatemalan','320','quetzal (pl. quetzales)','GTQ','centavo','Q','Republic of Guatemala','GT','GTM','Guatemala','019','013',0,'502','GT.png'),(324,'Conakry','Guinean','324','Guinean franc','GNF','','GNF','Republic of Guinea','GN','GIN','Guinea','002','011',0,'224','GN.png'),(328,'Georgetown','Guyanese','328','Guyana dollar','GYD','cent','$','Cooperative Republic of Guyana','GY','GUY','Guyana','019','005',0,'592','GY.png'),(332,'Port-au-Prince','Haitian','332','gourde','HTG','centime','G','Republic of Haiti','HT','HTI','Haiti','019','029',0,'509','HT.png'),(334,'Territory of Heard Island and McDonald Islands','of Territory of Heard Island and McDonald Islands','334','','','','$','Territory of Heard Island and McDonald Islands','HM','HMD','Heard Island and McDonald Islands','','',0,'61','HM.png'),(336,'Vatican City','of the Holy See/of the Vatican','336','euro','EUR','cent','€','the Holy See/ Vatican City State','VA','VAT','Holy See (Vatican City State)','150','039',0,'39','VA.png'),(340,'Tegucigalpa','Honduran','340','lempira','HNL','centavo','L','Republic of Honduras','HN','HND','Honduras','019','013',0,'504','HN.png'),(344,'(HK3)','Hong Kong Chinese','344','Hong Kong dollar','HKD','cent','$','Hong Kong Special Administrative Region of the People’s Republic of China (HK2)','HK','HKG','Hong Kong','142','030',0,'852','HK.png'),(348,'Budapest','Hungarian','348','forint (inv.)','HUF','(fillér (inv.))','Ft','Republic of Hungary','HU','HUN','Hungary','150','151',1,'36','HU.png'),(352,'Reykjavik','Icelander','352','króna (pl. krónur)','ISK','','kr','Republic of Iceland','IS','ISL','Iceland','150','154',1,'354','IS.png'),(356,'New Delhi','Indian','356','Indian rupee','INR','paisa','₹','Republic of India','IN','IND','India','142','034',0,'91','IN.png'),(360,'Jakarta','Indonesian','360','Indonesian rupiah (inv.)','IDR','sen (inv.)','Rp','Republic of Indonesia','ID','IDN','Indonesia','142','035',0,'62','ID.png'),(364,'Tehran','Iranian','364','Iranian rial','IRR','(dinar) (IR1)','﷼','Islamic Republic of Iran','IR','IRN','Iran, Islamic Republic of','142','034',0,'98','IR.png'),(368,'Baghdad','Iraqi','368','Iraqi dinar','IQD','fils (inv.)','IQD','Republic of Iraq','IQ','IRQ','Iraq','142','145',0,'964','IQ.png'),(372,'Dublin','Irish','372','euro','EUR','cent','€','Ireland (IE1)','IE','IRL','Ireland','150','154',1,'353','IE.png'),(376,'(IL1)','Israeli','376','shekel','ILS','agora','₪','State of Israel','IL','ISR','Israel','142','145',0,'972','IL.png'),(380,'Rome','Italian','380','euro','EUR','cent','€','Italian Republic','IT','ITA','Italy','150','039',1,'39','IT.png'),(384,'Yamoussoukro (CI1)','Ivorian','384','CFA franc (BCEAO)','XOF','centime','XOF','Republic of Côte d’Ivoire','CI','CIV','Côte d\'Ivoire','002','011',0,'225','CI.png'),(388,'Kingston','Jamaican','388','Jamaica dollar','JMD','cent','$','Jamaica','JM','JAM','Jamaica','019','029',0,'1','JM.png'),(392,'Tokyo','Japanese','392','yen (inv.)','JPY','(sen (inv.)) (JP1)','¥','Japan','JP','JPN','Japan','142','030',0,'81','JP.png'),(398,'Astana','Kazakh','398','tenge (inv.)','KZT','tiyn','лв','Republic of Kazakhstan','KZ','KAZ','Kazakhstan','142','143',0,'7','KZ.png'),(400,'Amman','Jordanian','400','Jordanian dinar','JOD','100 qirsh','JOD','Hashemite Kingdom of Jordan','JO','JOR','Jordan','142','145',0,'962','JO.png'),(404,'Nairobi','Kenyan','404','Kenyan shilling','KES','cent','KES','Republic of Kenya','KE','KEN','Kenya','002','014',0,'254','KE.png'),(408,'Pyongyang','North Korean','408','North Korean won (inv.)','KPW','chun (inv.)','₩','Democratic People’s Republic of Korea','KP','PRK','Korea, Democratic People\'s Republic of','142','030',0,'850','KP.png'),(410,'Seoul','South Korean','410','South Korean won (inv.)','KRW','(chun (inv.))','₩','Republic of Korea','KR','KOR','Korea, Republic of','142','030',0,'82','KR.png'),(414,'Kuwait City','Kuwaiti','414','Kuwaiti dinar','KWD','fils (inv.)','KWD','State of Kuwait','KW','KWT','Kuwait','142','145',0,'965','KW.png'),(417,'Bishkek','Kyrgyz','417','som','KGS','tyiyn','лв','Kyrgyz Republic','KG','KGZ','Kyrgyzstan','142','143',0,'996','KG.png'),(418,'Vientiane','Lao','418','kip (inv.)','LAK','(at (inv.))','₭','Lao People’s Democratic Republic','LA','LAO','Lao People\'s Democratic Republic','142','035',0,'856','LA.png'),(422,'Beirut','Lebanese','422','Lebanese pound','LBP','(piastre)','£','Lebanese Republic','LB','LBN','Lebanon','142','145',0,'961','LB.png'),(426,'Maseru','Basotho','426','loti (pl. maloti)','LSL','sente','L','Kingdom of Lesotho','LS','LSO','Lesotho','002','018',0,'266','LS.png'),(428,'Riga','Latvian','428','lats (pl. lati)','LVL','santims','Ls','Republic of Latvia','LV','LVA','Latvia','150','154',1,'371','LV.png'),(430,'Monrovia','Liberian','430','Liberian dollar','LRD','cent','$','Republic of Liberia','LR','LBR','Liberia','002','011',0,'231','LR.png'),(434,'Tripoli','Libyan','434','Libyan dinar','LYD','dirham','LYD','Socialist People’s Libyan Arab Jamahiriya','LY','LBY','Libya','002','015',0,'218','LY.png'),(438,'Vaduz','Liechtensteiner','438','Swiss franc','CHF','centime','CHF','Principality of Liechtenstein','LI','LIE','Liechtenstein','150','155',1,'423','LI.png'),(440,'Vilnius','Lithuanian','440','litas (pl. litai)','LTL','centas','Lt','Republic of Lithuania','LT','LTU','Lithuania','150','154',1,'370','LT.png'),(442,'Luxembourg','Luxembourger','442','euro','EUR','cent','€','Grand Duchy of Luxembourg','LU','LUX','Luxembourg','150','155',1,'352','LU.png'),(446,'Macao (MO3)','Macanese','446','pataca','MOP','avo','MOP','Macao Special Administrative Region of the People’s Republic of China (MO2)','MO','MAC','Macao','142','030',0,'853','MO.png'),(450,'Antananarivo','Malagasy','450','ariary','MGA','iraimbilanja (inv.)','MGA','Republic of Madagascar','MG','MDG','Madagascar','002','014',0,'261','MG.png'),(454,'Lilongwe','Malawian','454','Malawian kwacha (inv.)','MWK','tambala (inv.)','MK','Republic of Malawi','MW','MWI','Malawi','002','014',0,'265','MW.png'),(458,'Kuala Lumpur (MY1)','Malaysian','458','ringgit (inv.)','MYR','sen (inv.)','RM','Malaysia','MY','MYS','Malaysia','142','035',0,'60','MY.png'),(462,'Malé','Maldivian','462','rufiyaa','MVR','laari (inv.)','Rf','Republic of Maldives','MV','MDV','Maldives','142','034',0,'960','MV.png'),(466,'Bamako','Malian','466','CFA franc (BCEAO)','XOF','centime','XOF','Republic of Mali','ML','MLI','Mali','002','011',0,'223','ML.png'),(470,'Valletta','Maltese','470','euro','EUR','cent','MTL','Republic of Malta','MT','MLT','Malta','150','039',1,'356','MT.png'),(474,'Fort-de-France','Martinican','474','euro','EUR','cent','€','Martinique','MQ','MTQ','Martinique','019','029',0,'596','MQ.png'),(478,'Nouakchott','Mauritanian','478','ouguiya','MRO','khoum','UM','Islamic Republic of Mauritania','MR','MRT','Mauritania','002','011',0,'222','MR.png'),(480,'Port Louis','Mauritian','480','Mauritian rupee','MUR','cent','₨','Republic of Mauritius','MU','MUS','Mauritius','002','014',0,'230','MU.png'),(484,'Mexico City','Mexican','484','Mexican peso','MXN','centavo','$','United Mexican States','MX','MEX','Mexico','019','013',0,'52','MX.png'),(492,'Monaco','Monegasque','492','euro','EUR','cent','€','Principality of Monaco','MC','MCO','Monaco','150','155',0,'377','MC.png'),(496,'Ulan Bator','Mongolian','496','tugrik','MNT','möngö (inv.)','₮','Mongolia','MN','MNG','Mongolia','142','030',0,'976','MN.png'),(498,'Chisinau','Moldovan','498','Moldovan leu (pl. lei)','MDL','ban','MDL','Republic of Moldova','MD','MDA','Moldova, Republic of','150','151',0,'373','MD.png'),(499,'Podgorica','Montenegrin','499','euro','EUR','cent',NULL,'Montenegro','ME','MNE','Montenegro','150','039',0,'382',NULL),(500,'Plymouth (MS2)','Montserratian','500','East Caribbean dollar','XCD','cent','$','Montserrat','MS','MSR','Montserrat','019','029',0,'1','MS.png'),(504,'Rabat','Moroccan','504','Moroccan dirham','MAD','centime','MAD','Kingdom of Morocco','MA','MAR','Morocco','002','015',0,'212','MA.png'),(508,'Maputo','Mozambican','508','metical','MZN','centavo','MT','Republic of Mozambique','MZ','MOZ','Mozambique','002','014',0,'258','MZ.png'),(512,'Muscat','Omani','512','Omani rial','OMR','baiza','﷼','Sultanate of Oman','OM','OMN','Oman','142','145',0,'968','OM.png'),(516,'Windhoek','Namibian','516','Namibian dollar','NAD','cent','$','Republic of Namibia','NA','NAM','Namibia','002','018',0,'264','NA.png'),(520,'Yaren','Nauruan','520','Australian dollar','AUD','cent','$','Republic of Nauru','NR','NRU','Nauru','009','057',0,'674','NR.png'),(524,'Kathmandu','Nepalese','524','Nepalese rupee','NPR','paisa (inv.)','₨','Nepal','NP','NPL','Nepal','142','034',0,'977','NP.png'),(528,'Amsterdam (NL2)','Dutch','528','euro','EUR','cent','€','Kingdom of the Netherlands','NL','NLD','Netherlands','150','155',1,'31','NL.png'),(531,'Willemstad','Curaçaoan','531','Netherlands Antillean guilder (CW1)','ANG','cent',NULL,'Curaçao','CW','CUW','Curaçao','019','029',0,'599',NULL),(533,'Oranjestad','Aruban','533','Aruban guilder','AWG','cent','ƒ','Aruba','AW','ABW','Aruba','019','029',0,'297','AW.png'),(534,'Philipsburg','Sint Maartener','534','Netherlands Antillean guilder (SX1)','ANG','cent',NULL,'Sint Maarten','SX','SXM','Sint Maarten (Dutch part)','019','029',0,'721',NULL),(535,NULL,'of Bonaire, Sint Eustatius and Saba','535','US dollar','USD','cent',NULL,NULL,'BQ','BES','Bonaire, Sint Eustatius and Saba','019','029',0,'599',NULL),(540,'Nouméa','New Caledonian','540','CFP franc','XPF','centime','XPF','New Caledonia','NC','NCL','New Caledonia','009','054',0,'687','NC.png'),(548,'Port Vila','Vanuatuan','548','vatu (inv.)','VUV','','Vt','Republic of Vanuatu','VU','VUT','Vanuatu','009','054',0,'678','VU.png'),(554,'Wellington','New Zealander','554','New Zealand dollar','NZD','cent','$','New Zealand','NZ','NZL','New Zealand','009','053',0,'64','NZ.png'),(558,'Managua','Nicaraguan','558','córdoba oro','NIO','centavo','C$','Republic of Nicaragua','NI','NIC','Nicaragua','019','013',0,'505','NI.png'),(562,'Niamey','Nigerien','562','CFA franc (BCEAO)','XOF','centime','XOF','Republic of Niger','NE','NER','Niger','002','011',0,'227','NE.png'),(566,'Abuja','Nigerian','566','naira (inv.)','NGN','kobo (inv.)','₦','Federal Republic of Nigeria','NG','NGA','Nigeria','002','011',0,'234','NG.png'),(570,'Alofi','Niuean','570','New Zealand dollar','NZD','cent','$','Niue','NU','NIU','Niue','009','061',0,'683','NU.png'),(574,'Kingston','Norfolk Islander','574','Australian dollar','AUD','cent','$','Territory of Norfolk Island','NF','NFK','Norfolk Island','009','053',0,'672','NF.png'),(578,'Oslo','Norwegian','578','Norwegian krone (pl. kroner)','NOK','øre (inv.)','kr','Kingdom of Norway','NO','NOR','Norway','150','154',1,'47','NO.png'),(580,'Saipan','Northern Mariana Islander','580','US dollar','USD','cent','$','Commonwealth of the Northern Mariana Islands','MP','MNP','Northern Mariana Islands','009','057',0,'1','MP.png'),(581,'United States Minor Outlying Islands','of United States Minor Outlying Islands','581','US dollar','USD','cent','$','United States Minor Outlying Islands','UM','UMI','United States Minor Outlying Islands','','',0,'1','UM.png'),(583,'Palikir','Micronesian','583','US dollar','USD','cent','$','Federated States of Micronesia','FM','FSM','Micronesia, Federated States of','009','057',0,'691','FM.png'),(584,'Majuro','Marshallese','584','US dollar','USD','cent','$','Republic of the Marshall Islands','MH','MHL','Marshall Islands','009','057',0,'692','MH.png'),(585,'Melekeok','Palauan','585','US dollar','USD','cent','$','Republic of Palau','PW','PLW','Palau','009','057',0,'680','PW.png'),(586,'Islamabad','Pakistani','586','Pakistani rupee','PKR','paisa','₨','Islamic Republic of Pakistan','PK','PAK','Pakistan','142','034',0,'92','PK.png'),(591,'Panama City','Panamanian','591','balboa','PAB','centésimo','B/.','Republic of Panama','PA','PAN','Panama','019','013',0,'507','PA.png'),(598,'Port Moresby','Papua New Guinean','598','kina (inv.)','PGK','toea (inv.)','PGK','Independent State of Papua New Guinea','PG','PNG','Papua New Guinea','009','054',0,'675','PG.png'),(600,'Asunción','Paraguayan','600','guaraní','PYG','céntimo','Gs','Republic of Paraguay','PY','PRY','Paraguay','019','005',0,'595','PY.png'),(604,'Lima','Peruvian','604','new sol','PEN','céntimo','S/.','Republic of Peru','PE','PER','Peru','019','005',0,'51','PE.png'),(608,'Manila','Filipino','608','Philippine peso','PHP','centavo','Php','Republic of the Philippines','PH','PHL','Philippines','142','035',0,'63','PH.png'),(612,'Adamstown','Pitcairner','612','New Zealand dollar','NZD','cent','$','Pitcairn Islands','PN','PCN','Pitcairn','009','061',0,'649','PN.png'),(616,'Warsaw','Polish','616','zloty','PLN','grosz (pl. groszy)','zł','Republic of Poland','PL','POL','Poland','150','151',1,'48','PL.png'),(620,'Lisbon','Portuguese','620','euro','EUR','cent','€','Portuguese Republic','PT','PRT','Portugal','150','039',1,'351','PT.png'),(624,'Bissau','Guinea-Bissau national','624','CFA franc (BCEAO)','XOF','centime','XOF','Republic of Guinea-Bissau','GW','GNB','Guinea-Bissau','002','011',0,'245','GW.png'),(626,'Dili','East Timorese','626','US dollar','USD','cent','$','Democratic Republic of East Timor','TL','TLS','Timor-Leste','142','035',0,'670','TL.png'),(630,'San Juan','Puerto Rican','630','US dollar','USD','cent','$','Commonwealth of Puerto Rico','PR','PRI','Puerto Rico','019','029',0,'1','PR.png'),(634,'Doha','Qatari','634','Qatari riyal','QAR','dirham','﷼','State of Qatar','QA','QAT','Qatar','142','145',0,'974','QA.png'),(638,'Saint-Denis','Reunionese','638','euro','EUR','cent','€','Réunion','RE','REU','Réunion','002','014',0,'262','RE.png'),(642,'Bucharest','Romanian','642','Romanian leu (pl. lei)','RON','ban (pl. bani)','lei','Romania','RO','ROU','Romania','150','151',1,'40','RO.png'),(643,'Moscow','Russian','643','Russian rouble','RUB','kopek','руб','Russian Federation','RU','RUS','Russian Federation','150','151',0,'7','RU.png'),(646,'Kigali','Rwandan; Rwandese','646','Rwandese franc','RWF','centime','RWF','Republic of Rwanda','RW','RWA','Rwanda','002','014',0,'250','RW.png'),(652,'Gustavia','of Saint Barthélemy','652','euro','EUR','cent',NULL,'Collectivity of Saint Barthélemy','BL','BLM','Saint Barthélemy','019','029',0,'590',NULL),(654,'Jamestown','Saint Helenian','654','Saint Helena pound','SHP','penny','£','Saint Helena, Ascension and Tristan da Cunha','SH','SHN','Saint Helena, Ascension and Tristan da Cunha','002','011',0,'290','SH.png'),(659,'Basseterre','Kittsian; Nevisian','659','East Caribbean dollar','XCD','cent','$','Federation of Saint Kitts and Nevis','KN','KNA','Saint Kitts and Nevis','019','029',0,'1','KN.png'),(660,'The Valley','Anguillan','660','East Caribbean dollar','XCD','cent','$','Anguilla','AI','AIA','Anguilla','019','029',0,'1','AI.png'),(662,'Castries','Saint Lucian','662','East Caribbean dollar','XCD','cent','$','Saint Lucia','LC','LCA','Saint Lucia','019','029',0,'1','LC.png'),(663,'Marigot','of Saint Martin','663','euro','EUR','cent',NULL,'Collectivity of Saint Martin','MF','MAF','Saint Martin (French part)','019','029',0,'590',NULL),(666,'Saint-Pierre','St-Pierrais; Miquelonnais','666','euro','EUR','cent','€','Territorial Collectivity of Saint Pierre and Miquelon','PM','SPM','Saint Pierre and Miquelon','019','021',0,'508','PM.png'),(670,'Kingstown','Vincentian','670','East Caribbean dollar','XCD','cent','$','Saint Vincent and the Grenadines','VC','VCT','Saint Vincent and the Grenadines','019','029',0,'1','VC.png'),(674,'San Marino','San Marinese','674','euro','EUR ','cent','€','Republic of San Marino','SM','SMR','San Marino','150','039',0,'378','SM.png'),(678,'São Tomé','São Toméan','678','dobra','STD','centavo','Db','Democratic Republic of São Tomé and Príncipe','ST','STP','Sao Tome and Principe','002','017',0,'239','ST.png'),(682,'Riyadh','Saudi Arabian','682','riyal','SAR','halala','﷼','Kingdom of Saudi Arabia','SA','SAU','Saudi Arabia','142','145',0,'966','SA.png'),(686,'Dakar','Senegalese','686','CFA franc (BCEAO)','XOF','centime','XOF','Republic of Senegal','SN','SEN','Senegal','002','011',0,'221','SN.png'),(688,'Belgrade','Serb','688','Serbian dinar','RSD','para (inv.)',NULL,'Republic of Serbia','RS','SRB','Serbia','150','039',0,'381',NULL),(690,'Victoria','Seychellois','690','Seychelles rupee','SCR','cent','₨','Republic of Seychelles','SC','SYC','Seychelles','002','014',0,'248','SC.png'),(694,'Freetown','Sierra Leonean','694','leone','SLL','cent','Le','Republic of Sierra Leone','SL','SLE','Sierra Leone','002','011',0,'232','SL.png'),(702,'Singapore','Singaporean','702','Singapore dollar','SGD','cent','$','Republic of Singapore','SG','SGP','Singapore','142','035',0,'65','SG.png'),(703,'Bratislava','Slovak','703','euro','EUR','cent','Sk','Slovak Republic','SK','SVK','Slovakia','150','151',1,'421','SK.png'),(704,'Hanoi','Vietnamese','704','dong','VND','(10 hào','₫','Socialist Republic of Vietnam','VN','VNM','Viet Nam','142','035',0,'84','VN.png'),(705,'Ljubljana','Slovene','705','euro','EUR','cent','€','Republic of Slovenia','SI','SVN','Slovenia','150','039',1,'386','SI.png'),(706,'Mogadishu','Somali','706','Somali shilling','SOS','cent','S','Somali Republic','SO','SOM','Somalia','002','014',0,'252','SO.png'),(710,'Pretoria (ZA1)','South African','710','rand','ZAR','cent','R','Republic of South Africa','ZA','ZAF','South Africa','002','018',0,'27','ZA.png'),(716,'Harare','Zimbabwean','716','Zimbabwe dollar (ZW1)','ZWL','cent','Z$','Republic of Zimbabwe','ZW','ZWE','Zimbabwe','002','014',0,'263','ZW.png'),(724,'Madrid','Spaniard','724','euro','EUR','cent','€','Kingdom of Spain','ES','ESP','Spain','150','039',1,'34','ES.png'),(728,'Juba','South Sudanese','728','South Sudanese pound','SSP','piaster',NULL,'Republic of South Sudan','SS','SSD','South Sudan','002','015',0,'211',NULL),(729,'Khartoum','Sudanese','729','Sudanese pound','SDG','piastre',NULL,'Republic of the Sudan','SD','SDN','Sudan','002','015',0,'249',NULL),(732,'Al aaiun','Sahrawi','732','Moroccan dirham','MAD','centime','MAD','Western Sahara','EH','ESH','Western Sahara','002','015',0,'212','EH.png'),(740,'Paramaribo','Surinamese','740','Surinamese dollar','SRD','cent','$','Republic of Suriname','SR','SUR','Suriname','019','005',0,'597','SR.png'),(744,'Longyearbyen','of Svalbard','744','Norwegian krone (pl. kroner)','NOK','øre (inv.)','kr','Svalbard and Jan Mayen','SJ','SJM','Svalbard and Jan Mayen','150','154',0,'47','SJ.png'),(748,'Mbabane','Swazi','748','lilangeni','SZL','cent','SZL','Kingdom of Swaziland','SZ','SWZ','Swaziland','002','018',0,'268','SZ.png'),(752,'Stockholm','Swedish','752','krona (pl. kronor)','SEK','öre (inv.)','kr','Kingdom of Sweden','SE','SWE','Sweden','150','154',1,'46','SE.png'),(756,'Berne','Swiss','756','Swiss franc','CHF','centime','CHF','Swiss Confederation','CH','CHE','Switzerland','150','155',1,'41','CH.png'),(760,'Damascus','Syrian','760','Syrian pound','SYP','piastre','£','Syrian Arab Republic','SY','SYR','Syrian Arab Republic','142','145',0,'963','SY.png'),(762,'Dushanbe','Tajik','762','somoni','TJS','diram','TJS','Republic of Tajikistan','TJ','TJK','Tajikistan','142','143',0,'992','TJ.png'),(764,'Bangkok','Thai','764','baht (inv.)','THB','satang (inv.)','฿','Kingdom of Thailand','TH','THA','Thailand','142','035',0,'66','TH.png'),(768,'Lomé','Togolese','768','CFA franc (BCEAO)','XOF','centime','XOF','Togolese Republic','TG','TGO','Togo','002','011',0,'228','TG.png'),(772,'(TK2)','Tokelauan','772','New Zealand dollar','NZD','cent','$','Tokelau','TK','TKL','Tokelau','009','061',0,'690','TK.png'),(776,'Nuku’alofa','Tongan','776','pa’anga (inv.)','TOP','seniti (inv.)','T$','Kingdom of Tonga','TO','TON','Tonga','009','061',0,'676','TO.png'),(780,'Port of Spain','Trinidadian; Tobagonian','780','Trinidad and Tobago dollar','TTD','cent','TT$','Republic of Trinidad and Tobago','TT','TTO','Trinidad and Tobago','019','029',0,'1','TT.png'),(784,'Abu Dhabi','Emirian','784','UAE dirham','AED','fils (inv.)','AED','United Arab Emirates','AE','ARE','United Arab Emirates','142','145',0,'971','AE.png'),(788,'Tunis','Tunisian','788','Tunisian dinar','TND','millime','TND','Republic of Tunisia','TN','TUN','Tunisia','002','015',0,'216','TN.png'),(792,'Ankara','Turk','792','Turkish lira (inv.)','TRY','kurus (inv.)','YTL','Republic of Turkey','TR','TUR','Turkey','142','145',0,'90','TR.png'),(795,'Ashgabat','Turkmen','795','Turkmen manat (inv.)','TMT','tenge (inv.)','m','Turkmenistan','TM','TKM','Turkmenistan','142','143',0,'993','TM.png'),(796,'Cockburn Town','Turks and Caicos Islander','796','US dollar','USD','cent','$','Turks and Caicos Islands','TC','TCA','Turks and Caicos Islands','019','029',0,'1','TC.png'),(798,'Funafuti','Tuvaluan','798','Australian dollar','AUD','cent','$','Tuvalu','TV','TUV','Tuvalu','009','061',0,'688','TV.png'),(800,'Kampala','Ugandan','800','Uganda shilling','UGX','cent','UGX','Republic of Uganda','UG','UGA','Uganda','002','014',0,'256','UG.png'),(804,'Kiev','Ukrainian','804','hryvnia','UAH','kopiyka','₴','Ukraine','UA','UKR','Ukraine','150','151',0,'380','UA.png'),(807,'Skopje','of the former Yugoslav Republic of Macedonia','807','denar (pl. denars)','MKD','deni (inv.)','ден','the former Yugoslav Republic of Macedonia','MK','MKD','Macedonia, the former Yugoslav Republic of','150','039',0,'389','MK.png'),(818,'Cairo','Egyptian','818','Egyptian pound','EGP','piastre','£','Arab Republic of Egypt','EG','EGY','Egypt','002','015',0,'20','EG.png'),(826,'London','British','826','pound sterling','GBP','penny (pl. pence)','£','United Kingdom of Great Britain and Northern Ireland','GB','GBR','United Kingdom','150','154',1,'44','GB.png'),(831,'St Peter Port','of Guernsey','831','Guernsey pound (GG2)','GGP (GG2)','penny (pl. pence)',NULL,'Bailiwick of Guernsey','GG','GGY','Guernsey','150','154',0,'44',NULL),(832,'St Helier','of Jersey','832','Jersey pound (JE2)','JEP (JE2)','penny (pl. pence)',NULL,'Bailiwick of Jersey','JE','JEY','Jersey','150','154',0,'44',NULL),(833,'Douglas','Manxman; Manxwoman','833','Manx pound (IM2)','IMP (IM2)','penny (pl. pence)',NULL,'Isle of Man','IM','IMN','Isle of Man','150','154',0,'44',NULL),(834,'Dodoma (TZ1)','Tanzanian','834','Tanzanian shilling','TZS','cent','TZS','United Republic of Tanzania','TZ','TZA','Tanzania, United Republic of','002','014',0,'255','TZ.png'),(840,'Washington DC','American','840','US dollar','USD','cent','$','United States of America','US','USA','United States','019','021',0,'1','US.png'),(850,'Charlotte Amalie','US Virgin Islander','850','US dollar','USD','cent','$','United States Virgin Islands','VI','VIR','Virgin Islands, U.S.','019','029',0,'1','VI.png'),(854,'Ouagadougou','Burkinabe','854','CFA franc (BCEAO)','XOF','centime','XOF','Burkina Faso','BF','BFA','Burkina Faso','002','011',0,'226','BF.png'),(858,'Montevideo','Uruguayan','858','Uruguayan peso','UYU','centésimo','$U','Eastern Republic of Uruguay','UY','URY','Uruguay','019','005',0,'598','UY.png'),(860,'Tashkent','Uzbek','860','sum (inv.)','UZS','tiyin (inv.)','лв','Republic of Uzbekistan','UZ','UZB','Uzbekistan','142','143',0,'998','UZ.png'),(862,'Caracas','Venezuelan','862','bolívar fuerte (pl. bolívares fuertes)','VEF','céntimo','Bs','Bolivarian Republic of Venezuela','VE','VEN','Venezuela, Bolivarian Republic of','019','005',0,'58','VE.png'),(876,'Mata-Utu','Wallisian; Futunan; Wallis and Futuna Islander','876','CFP franc','XPF','centime','XPF','Wallis and Futuna','WF','WLF','Wallis and Futuna','009','061',0,'681','WF.png'),(882,'Apia','Samoan','882','tala (inv.)','WST','sene (inv.)','WS$','Independent State of Samoa','WS','WSM','Samoa','009','061',0,'685','WS.png'),(887,'San’a','Yemenite','887','Yemeni rial','YER','fils (inv.)','﷼','Republic of Yemen','YE','YEM','Yemen','142','145',0,'967','YE.png'),(894,'Lusaka','Zambian','894','Zambian kwacha (inv.)','ZMW','ngwee (inv.)','ZK','Republic of Zambia','ZM','ZMB','Zambia','002','014',0,'260','ZM.png');
/*!40000 ALTER TABLE `countries` ENABLE KEYS */;
UNLOCK TABLES;

--
-- Table structure for table `courses`
--

DROP TABLE IF EXISTS `courses`;
/*!40101 SET @saved_cs_client     = @@character_set_client */;
/*!40101 SET character_set_client = utf8 */;
CREATE TABLE `courses` (
  `id` int(10) unsigned NOT NULL AUTO_INCREMENT,
  `category_id` int(10) unsigned NOT NULL,
  `name` varchar(255) COLLATE utf8_unicode_ci NOT NULL,
  `form_id` varchar(255) COLLATE utf8_unicode_ci DEFAULT NULL,
  `created_at` timestamp NULL DEFAULT NULL,
  `updated_at` timestamp NULL DEFAULT NULL,
  PRIMARY KEY (`id`),
  KEY `courses_category_id_index` (`category_id`),
  CONSTRAINT `courses_category_id_foreign` FOREIGN KEY (`category_id`) REFERENCES `categories` (`id`) ON DELETE CASCADE
) ENGINE=InnoDB DEFAULT CHARSET=utf8 COLLATE=utf8_unicode_ci;
/*!40101 SET character_set_client = @saved_cs_client */;

--
-- Dumping data for table `courses`
--

LOCK TABLES `courses` WRITE;
/*!40000 ALTER TABLE `courses` DISABLE KEYS */;
/*!40000 ALTER TABLE `courses` ENABLE KEYS */;
UNLOCK TABLES;

--
-- Table structure for table `field_types`
--

DROP TABLE IF EXISTS `field_types`;
/*!40101 SET @saved_cs_client     = @@character_set_client */;
/*!40101 SET character_set_client = utf8 */;
CREATE TABLE `field_types` (
  `id` int(10) unsigned NOT NULL AUTO_INCREMENT,
  `name` varchar(255) COLLATE utf8_unicode_ci NOT NULL,
  `created_by` int(11) DEFAULT NULL,
  `created_at` timestamp NULL DEFAULT NULL,
  `updated_at` timestamp NULL DEFAULT NULL,
  PRIMARY KEY (`id`),
  UNIQUE KEY `field_types_name_unique` (`name`)
) ENGINE=InnoDB AUTO_INCREMENT=19 DEFAULT CHARSET=utf8 COLLATE=utf8_unicode_ci;
/*!40101 SET character_set_client = @saved_cs_client */;

--
-- Dumping data for table `field_types`
--

LOCK TABLES `field_types` WRITE;
/*!40000 ALTER TABLE `field_types` DISABLE KEYS */;
INSERT INTO `field_types` VALUES (1,'text',NULL,'2016-03-18 08:51:10','2016-03-18 08:51:10'),(2,'email',NULL,'2016-03-18 08:51:10','2016-03-18 08:51:10'),(3,'password',NULL,'2016-03-18 08:51:10','2016-03-18 08:51:10'),(4,'hidden',NULL,'2016-03-18 08:51:10','2016-03-18 08:51:10'),(5,'textarea',NULL,'2016-03-18 08:51:10','2016-03-18 08:51:10'),(6,'number',NULL,'2016-03-18 08:51:10','2016-03-18 08:51:10'),(7,'file',NULL,'2016-03-18 08:51:10','2016-03-18 08:51:10'),(8,'image',NULL,'2016-03-18 08:51:10','2016-03-18 08:51:10'),(9,'url',NULL,'2016-03-18 08:51:10','2016-03-18 08:51:10'),(10,'tel',NULL,'2016-03-18 08:51:10','2016-03-18 08:51:10'),(11,'search',NULL,'2016-03-18 08:51:10','2016-03-18 08:51:10'),(12,'color',NULL,'2016-03-18 08:51:10','2016-03-18 08:51:10'),(13,'datetime-local',NULL,'2016-03-18 08:51:10','2016-03-18 08:51:10'),(14,'month',NULL,'2016-03-18 08:51:10','2016-03-18 08:51:10'),(15,'range',NULL,'2016-03-18 08:51:10','2016-03-18 08:51:10'),(16,'time',NULL,'2016-03-18 08:51:10','2016-03-18 08:51:10'),(17,'week',NULL,'2016-03-18 08:51:10','2016-03-18 08:51:10'),(18,'select',NULL,'2016-03-18 08:51:10','2016-03-18 08:51:10');
/*!40000 ALTER TABLE `field_types` ENABLE KEYS */;
UNLOCK TABLES;

--
-- Table structure for table `form_datas`
--

DROP TABLE IF EXISTS `form_datas`;
/*!40101 SET @saved_cs_client     = @@character_set_client */;
/*!40101 SET character_set_client = utf8 */;
CREATE TABLE `form_datas` (
  `id` int(10) unsigned NOT NULL AUTO_INCREMENT,
  `form_field_id` int(10) unsigned NOT NULL,
  `application_id` int(10) unsigned NOT NULL,
  `value` varchar(225) COLLATE utf8_unicode_ci NOT NULL,
  `created_by` int(11) DEFAULT NULL,
  `created_at` timestamp NULL DEFAULT NULL,
  `updated_at` timestamp NULL DEFAULT NULL,
  PRIMARY KEY (`id`),
  KEY `form_datas_form_field_id_index` (`form_field_id`),
  KEY `form_datas_application_id_index` (`application_id`),
  CONSTRAINT `form_datas_application_id_foreign` FOREIGN KEY (`application_id`) REFERENCES `applications` (`id`) ON DELETE CASCADE,
  CONSTRAINT `form_datas_form_field_id_foreign` FOREIGN KEY (`form_field_id`) REFERENCES `form_fields` (`id`) ON DELETE CASCADE
) ENGINE=InnoDB AUTO_INCREMENT=29 DEFAULT CHARSET=utf8 COLLATE=utf8_unicode_ci;
/*!40101 SET character_set_client = @saved_cs_client */;

--
-- Dumping data for table `form_datas`
--

LOCK TABLES `form_datas` WRITE;
/*!40000 ALTER TABLE `form_datas` DISABLE KEYS */;
INSERT INTO `form_datas` VALUES (1,1,3,'1',2,'2016-03-18 11:30:52','2016-03-18 11:30:52'),(2,2,3,'1',2,'2016-03-18 11:30:52','2016-03-18 11:30:52'),(3,3,3,'1',2,'2016-03-18 11:30:52','2016-03-18 11:30:52'),(4,4,3,'1',2,'2016-03-18 11:30:52','2016-03-18 11:30:52'),(5,5,5,'asdfasdfaf',2,'2016-03-22 16:13:53','2016-03-22 16:13:53'),(6,6,5,'safds',2,'2016-03-22 16:13:53','2016-03-22 16:13:53'),(7,7,5,'1',2,'2016-03-22 16:13:53','2016-03-22 16:13:53'),(8,8,5,'permissions.csv',2,'2016-03-22 16:13:53','2016-03-22 16:13:53'),(9,5,6,'fdsafsd',2,'2016-03-22 16:30:27','2016-03-22 16:30:27'),(10,6,6,'fsadfds',2,'2016-03-22 16:30:27','2016-03-22 16:30:27'),(11,7,6,'1',2,'2016-03-22 16:30:27','2016-03-22 16:30:27'),(12,8,6,'p1-living-room2.jpg',2,'2016-03-22 16:30:27','2016-03-22 16:30:27'),(13,5,7,'dfasdf',2,'2016-03-22 16:37:54','2016-03-22 16:37:54'),(14,6,7,'asfdasf',2,'2016-03-22 16:37:54','2016-03-22 16:37:54'),(15,7,7,'1',2,'2016-03-22 16:37:54','2016-03-22 16:37:54'),(16,8,7,'/tmp/phpZhWiCX',2,'2016-03-22 16:37:54','2016-03-22 16:37:54'),(17,5,8,'safdsaf',2,'2016-03-22 16:55:16','2016-03-22 16:55:16'),(18,6,8,'adfasdf',2,'2016-03-22 16:55:16','2016-03-22 16:55:16'),(19,7,8,'1',2,'2016-03-22 16:55:16','2016-03-22 16:55:16'),(20,8,8,'/tmp/phpPC09ej',2,'2016-03-22 16:55:16','2016-03-22 16:55:16'),(21,5,9,'afsdf',2,'2016-03-22 17:01:47','2016-03-22 17:01:47'),(22,6,9,'asfds',2,'2016-03-22 17:01:47','2016-03-22 17:01:47'),(23,7,9,'1',2,'2016-03-22 17:01:47','2016-03-22 17:01:47'),(24,8,9,'/home/vagrant/Code/kmtc/storage/files/p1-living-room2jpg.jpg',2,'2016-03-22 17:01:47','2016-03-22 17:01:47'),(25,5,10,'adfasdf',2,'2016-03-22 17:14:58','2016-03-22 17:14:58'),(26,6,10,'asfd',2,'2016-03-22 17:14:58','2016-03-22 17:14:58'),(27,7,10,'1',2,'2016-03-22 17:14:58','2016-03-22 17:14:58'),(28,8,10,'/files/p1-living-room2jpg.jpg',2,'2016-03-22 17:14:58','2016-03-22 17:14:58');
/*!40000 ALTER TABLE `form_datas` ENABLE KEYS */;
UNLOCK TABLES;

--
-- Table structure for table `form_fields`
--

DROP TABLE IF EXISTS `form_fields`;
/*!40101 SET @saved_cs_client     = @@character_set_client */;
/*!40101 SET character_set_client = utf8 */;
CREATE TABLE `form_fields` (
  `id` int(10) unsigned NOT NULL AUTO_INCREMENT,
  `name` varchar(50) COLLATE utf8_unicode_ci NOT NULL,
  `form_id` int(10) unsigned NOT NULL,
  `form_section_id` int(10) unsigned NOT NULL,
  `field_type_id` int(10) unsigned NOT NULL,
  `priority` int(11) NOT NULL DEFAULT '1',
  `rules` varchar(50) COLLATE utf8_unicode_ci DEFAULT NULL,
  `size` int(11) NOT NULL DEFAULT '12',
  `attributes` varchar(50) COLLATE utf8_unicode_ci DEFAULT NULL,
  `query` text COLLATE utf8_unicode_ci,
  `db` tinyint(1) NOT NULL DEFAULT '0',
  `created_by` int(11) DEFAULT NULL,
  `created_at` timestamp NULL DEFAULT NULL,
  `updated_at` timestamp NULL DEFAULT NULL,
  PRIMARY KEY (`id`),
  KEY `form_fields_form_id_index` (`form_id`),
  KEY `form_fields_form_section_id_index` (`form_section_id`),
  KEY `form_fields_field_type_id_index` (`field_type_id`),
  CONSTRAINT `form_fields_field_type_id_foreign` FOREIGN KEY (`field_type_id`) REFERENCES `field_types` (`id`) ON DELETE CASCADE,
  CONSTRAINT `form_fields_form_id_foreign` FOREIGN KEY (`form_id`) REFERENCES `forms` (`id`) ON DELETE CASCADE,
  CONSTRAINT `form_fields_form_section_id_foreign` FOREIGN KEY (`form_section_id`) REFERENCES `form_sections` (`id`) ON DELETE CASCADE
) ENGINE=InnoDB AUTO_INCREMENT=9 DEFAULT CHARSET=utf8 COLLATE=utf8_unicode_ci;
/*!40101 SET character_set_client = @saved_cs_client */;

--
-- Dumping data for table `form_fields`
--

LOCK TABLES `form_fields` WRITE;
/*!40000 ALTER TABLE `form_fields` DISABLE KEYS */;
INSERT INTO `form_fields` VALUES (1,'Select Best Language',1,1,18,1,'required',6,NULL,'English,Kiswahili',0,1,'2016-03-18 08:58:22','2016-03-18 08:58:22'),(2,'Score',1,1,18,2,'required',6,NULL,'select id,name from grades',1,1,'2016-03-18 08:59:26','2016-03-18 08:59:26'),(3,'Biology/Biological Sciences',1,2,18,1,'required',6,NULL,'select id,name from grades',1,1,'2016-03-18 09:07:12','2016-03-18 09:07:12'),(4,'Physica or Physical Sciences',1,2,18,2,'required',6,NULL,'select id,name from grades',1,1,'2016-03-18 09:08:07','2016-03-18 09:08:07'),(5,'Languages',4,3,1,1,'required',12,NULL,'English,Kiswahili,French',0,2,'2016-03-18 12:41:18','2016-03-18 12:41:18'),(6,'language_score',4,3,1,2,'required',6,NULL,'select id,name from grades',1,2,'2016-03-18 12:42:10','2016-03-18 12:42:10'),(7,'language_score_2',4,3,18,3,'required',12,NULL,'select id,name from grades',1,2,'2016-03-18 12:43:43','2016-03-18 12:43:43'),(8,'Certificate',4,3,7,5,'required',12,NULL,'',0,1,'2016-03-22 16:05:27','2016-03-22 16:05:27');
/*!40000 ALTER TABLE `form_fields` ENABLE KEYS */;
UNLOCK TABLES;

--
-- Table structure for table `form_sections`
--

DROP TABLE IF EXISTS `form_sections`;
/*!40101 SET @saved_cs_client     = @@character_set_client */;
/*!40101 SET character_set_client = utf8 */;
CREATE TABLE `form_sections` (
  `id` int(10) unsigned NOT NULL AUTO_INCREMENT,
  `form_id` int(10) unsigned NOT NULL,
  `name` varchar(50) COLLATE utf8_unicode_ci NOT NULL,
  `row` tinyint(1) NOT NULL DEFAULT '1',
  `size` int(11) NOT NULL DEFAULT '12',
  `show` tinyint(1) NOT NULL DEFAULT '1',
  `priority` int(11) NOT NULL DEFAULT '1',
  `created_by` int(11) DEFAULT NULL,
  `notes` text COLLATE utf8_unicode_ci,
  `created_at` timestamp NULL DEFAULT NULL,
  `updated_at` timestamp NULL DEFAULT NULL,
  PRIMARY KEY (`id`),
  KEY `form_sections_form_id_foreign` (`form_id`),
  CONSTRAINT `form_sections_form_id_foreign` FOREIGN KEY (`form_id`) REFERENCES `forms` (`id`) ON DELETE CASCADE
) ENGINE=InnoDB AUTO_INCREMENT=4 DEFAULT CHARSET=utf8 COLLATE=utf8_unicode_ci;
/*!40101 SET character_set_client = @saved_cs_client */;

--
-- Dumping data for table `form_sections`
--

LOCK TABLES `form_sections` WRITE;
/*!40000 ALTER TABLE `form_sections` DISABLE KEYS */;
INSERT INTO `form_sections` VALUES (1,1,'Languages',1,12,1,1,1,'Select best','2016-03-18 08:56:02','2016-03-18 08:56:02'),(2,1,'Sciences',1,12,1,2,1,'Best Science','2016-03-18 09:04:43','2016-03-18 09:04:43'),(3,4,'Languages',1,12,1,1,2,'Choose the language you were good at','2016-03-18 12:35:49','2016-03-18 12:35:49');
/*!40000 ALTER TABLE `form_sections` ENABLE KEYS */;
UNLOCK TABLES;

--
-- Table structure for table `forms`
--

DROP TABLE IF EXISTS `forms`;
/*!40101 SET @saved_cs_client     = @@character_set_client */;
/*!40101 SET character_set_client = utf8 */;
CREATE TABLE `forms` (
  `id` int(10) unsigned NOT NULL AUTO_INCREMENT,
  `code` varchar(255) COLLATE utf8_unicode_ci DEFAULT NULL,
  `name` varchar(50) COLLATE utf8_unicode_ci NOT NULL,
  `fee` double NOT NULL DEFAULT '0',
  `category_id` int(11) DEFAULT NULL,
  `created_by` int(11) DEFAULT NULL,
  `notes` text COLLATE utf8_unicode_ci,
  `status` tinyint(1) DEFAULT '0',
  `created_at` timestamp NULL DEFAULT NULL,
  `updated_at` timestamp NULL DEFAULT NULL,
  `service_id` int(11) DEFAULT NULL,
  PRIMARY KEY (`id`)
) ENGINE=InnoDB AUTO_INCREMENT=8 DEFAULT CHARSET=utf8 COLLATE=utf8_unicode_ci;
/*!40101 SET character_set_client = @saved_cs_client */;

--
-- Dumping data for table `forms`
--

LOCK TABLES `forms` WRITE;
/*!40000 ALTER TABLE `forms` DISABLE KEYS */;
INSERT INTO `forms` VALUES (1,NULL,'Diploma in Nursing',50,1,1,'Diploma in nursing',0,'2016-03-18 08:54:12','2016-03-18 08:54:12',NULL),(2,NULL,'Diploma in Nursing',0,2,2,'Diploma in nursing',0,'2016-03-18 10:58:31','2016-03-18 10:58:31',NULL),(3,NULL,'Diploma in Nursing old',0,1,2,'Diploma in nursing',0,'2016-03-18 11:01:13','2016-03-18 11:01:13',NULL),(4,NULL,'Diploma in Baking',0,2,1,'fsaljf;kljas;lfhsa;lhf;klashf;l ssahf kas',1,'2016-03-18 12:35:11','2016-03-22 17:56:27',1),(5,NULL,'Diploma in Nursing',0,1,1,'Diploma in nursing',0,'2016-03-22 14:14:09','2016-03-22 14:14:09',NULL),(6,NULL,'Diploma in Nursing',0,1,1,'Diploma in nursing',0,'2016-03-22 14:14:15','2016-03-22 14:14:15',NULL),(7,NULL,'Diploma in Nursing',0,1,1,'Diploma in nursing',0,'2016-03-22 14:14:24','2016-03-22 14:14:24',NULL);
/*!40000 ALTER TABLE `forms` ENABLE KEYS */;
UNLOCK TABLES;

--
-- Table structure for table `grades`
--

DROP TABLE IF EXISTS `grades`;
/*!40101 SET @saved_cs_client     = @@character_set_client */;
/*!40101 SET character_set_client = utf8 */;
CREATE TABLE `grades` (
  `id` int(10) unsigned NOT NULL AUTO_INCREMENT,
  `name` varchar(255) COLLATE utf8_unicode_ci NOT NULL,
  `score` int(11) NOT NULL,
  `created_at` timestamp NULL DEFAULT NULL,
  `updated_at` timestamp NULL DEFAULT NULL,
  PRIMARY KEY (`id`)
) ENGINE=InnoDB AUTO_INCREMENT=13 DEFAULT CHARSET=utf8 COLLATE=utf8_unicode_ci;
/*!40101 SET character_set_client = @saved_cs_client */;

--
-- Dumping data for table `grades`
--

LOCK TABLES `grades` WRITE;
/*!40000 ALTER TABLE `grades` DISABLE KEYS */;
INSERT INTO `grades` VALUES (1,'A',12,'2016-03-18 08:51:10','2016-03-18 08:51:10'),(2,'A-',11,'2016-03-18 08:51:10','2016-03-18 08:51:10'),(3,'B+',10,'2016-03-18 08:51:10','2016-03-18 08:51:10'),(4,'B',9,'2016-03-18 08:51:10','2016-03-18 08:51:10'),(5,'B-',8,'2016-03-18 08:51:10','2016-03-18 08:51:10'),(6,'C+',7,'2016-03-18 08:51:10','2016-03-18 08:51:10'),(7,'C',6,'2016-03-18 08:51:10','2016-03-18 08:51:10'),(8,'C-',5,'2016-03-18 08:51:10','2016-03-18 08:51:10'),(9,'D+',4,'2016-03-18 08:51:10','2016-03-18 08:51:10'),(10,'D',3,'2016-03-18 08:51:10','2016-03-18 08:51:10'),(11,'D-',2,'2016-03-18 08:51:10','2016-03-18 08:51:10'),(12,'E',1,'2016-03-18 08:51:10','2016-03-18 08:51:10');
/*!40000 ALTER TABLE `grades` ENABLE KEYS */;
UNLOCK TABLES;

--
-- Table structure for table `migrations`
--

DROP TABLE IF EXISTS `migrations`;
/*!40101 SET @saved_cs_client     = @@character_set_client */;
/*!40101 SET character_set_client = utf8 */;
CREATE TABLE `migrations` (
  `migration` varchar(255) COLLATE utf8_unicode_ci NOT NULL,
  `batch` int(11) NOT NULL
) ENGINE=InnoDB DEFAULT CHARSET=utf8 COLLATE=utf8_unicode_ci;
/*!40101 SET character_set_client = @saved_cs_client */;

--
-- Dumping data for table `migrations`
--

LOCK TABLES `migrations` WRITE;
/*!40000 ALTER TABLE `migrations` DISABLE KEYS */;
INSERT INTO `migrations` VALUES ('2014_10_09_000000_create_roles_table',1),('2014_10_09_000005_create_permissions_table',1),('2014_10_09_000010_create_permission_role_table',1),('2014_10_12_000000_create_users_table',1),('2014_10_12_000015_create_role_user_table',1),('2014_10_12_100000_create_password_resets_table',1),('2015_08_25_172600_create_settings_table',1),('2016_02_09_225347_create_bills_table',1),('2016_03_18_081229_create_mpesas_table',1),('2016_03_18_082312_create_categories_table',1),('2016_03_18_082326_create_courses_table',1),('2016_03_18_082509_create_counties_table',1),('2016_03_18_082532_create_sub_counties_table',1),('2016_03_18_082557_create_constituencies_table',1),('2016_03_18_082613_create_subjects_table',1),('2016_03_18_082651_create_profiles_table',1),('2016_03_18_083017_create_campuses_table',1),('2016_03_18_083039_create_campus_courses_table',1),('2016_03_18_084409_create_grades_table',1),('2016_03_18_090259_create_field_types_table',1),('2016_03_18_090344_create_forms_table',1),('2016_03_18_090420_create_form_sections_table',1),('2016_03_18_090438_create_form_fields_table',1),('2016_03_18_090619_create_statuses_table',1),('2016_03_18_090642_create_applications_table',1),('2016_03_18_090702_create_form_datas_table',1),('2016_03_18_101105_setup_countries_table',1),('2016_03_18_101106_charify_countries_table',1),('2016_02_10_101847_create_bill_tokens_table',2),('2016_02_10_101917_create_receipt_tokens_table',2),('2016_03_21_192157_create_payments_table',3),('2016_03_21_195224_create_templates_table',3),('2016_03_22_091301_create_services_table',4),('2016_03_22_095208_create_wallets_table',4),('2016_03_22_095242_create_wallet_statements_table',4);
/*!40000 ALTER TABLE `migrations` ENABLE KEYS */;
UNLOCK TABLES;

--
-- Table structure for table `mpesas`
--

DROP TABLE IF EXISTS `mpesas`;
/*!40101 SET @saved_cs_client     = @@character_set_client */;
/*!40101 SET character_set_client = utf8 */;
CREATE TABLE `mpesas` (
  `id` int(10) unsigned NOT NULL AUTO_INCREMENT,
  `code` varchar(255) COLLATE utf8_unicode_ci NOT NULL,
  `sender` varchar(255) COLLATE utf8_unicode_ci NOT NULL,
  `amount` double NOT NULL,
  `mid` varchar(255) COLLATE utf8_unicode_ci NOT NULL,
  `origin` varchar(255) COLLATE utf8_unicode_ci NOT NULL,
  `customer_id` varchar(255) COLLATE utf8_unicode_ci NOT NULL,
  `account` varchar(255) COLLATE utf8_unicode_ci NOT NULL,
  `msisdn` varchar(255) COLLATE utf8_unicode_ci NOT NULL,
  `msg_id` varchar(255) COLLATE utf8_unicode_ci NOT NULL,
  `txn_date` varchar(255) COLLATE utf8_unicode_ci NOT NULL,
  `txn_time` varchar(255) COLLATE utf8_unicode_ci NOT NULL,
  `txn_stamp` datetime DEFAULT NULL,
  `notes` longtext COLLATE utf8_unicode_ci,
  `created_at` timestamp NULL DEFAULT NULL,
  `updated_at` timestamp NULL DEFAULT NULL,
  `consumed` tinyint(1) DEFAULT '0',
  `consumer_id` int(11) DEFAULT NULL,
  PRIMARY KEY (`id`)
) ENGINE=InnoDB DEFAULT CHARSET=utf8 COLLATE=utf8_unicode_ci;
/*!40101 SET character_set_client = @saved_cs_client */;

--
-- Dumping data for table `mpesas`
--

LOCK TABLES `mpesas` WRITE;
/*!40000 ALTER TABLE `mpesas` DISABLE KEYS */;
/*!40000 ALTER TABLE `mpesas` ENABLE KEYS */;
UNLOCK TABLES;

--
-- Table structure for table `password_resets`
--

DROP TABLE IF EXISTS `password_resets`;
/*!40101 SET @saved_cs_client     = @@character_set_client */;
/*!40101 SET character_set_client = utf8 */;
CREATE TABLE `password_resets` (
  `email` varchar(255) COLLATE utf8_unicode_ci NOT NULL,
  `token` varchar(255) COLLATE utf8_unicode_ci NOT NULL,
  `created_at` timestamp NOT NULL,
  KEY `password_resets_email_index` (`email`),
  KEY `password_resets_token_index` (`token`)
) ENGINE=InnoDB DEFAULT CHARSET=utf8 COLLATE=utf8_unicode_ci;
/*!40101 SET character_set_client = @saved_cs_client */;

--
-- Dumping data for table `password_resets`
--

LOCK TABLES `password_resets` WRITE;
/*!40000 ALTER TABLE `password_resets` DISABLE KEYS */;
/*!40000 ALTER TABLE `password_resets` ENABLE KEYS */;
UNLOCK TABLES;

--
-- Table structure for table `payments`
--

DROP TABLE IF EXISTS `payments`;
/*!40101 SET @saved_cs_client     = @@character_set_client */;
/*!40101 SET character_set_client = utf8 */;
CREATE TABLE `payments` (
  `id` int(10) unsigned NOT NULL AUTO_INCREMENT,
  `payable_id` int(10) unsigned NOT NULL,
  `payable_type` varchar(255) COLLATE utf8_unicode_ci NOT NULL,
  `payment_method` varchar(255) COLLATE utf8_unicode_ci NOT NULL,
  `amount` double NOT NULL,
  `date_paid` datetime NOT NULL,
  `notes` text COLLATE utf8_unicode_ci,
  `user_id` int(10) unsigned NOT NULL,
  `created_at` timestamp NULL DEFAULT NULL,
  `updated_at` timestamp NULL DEFAULT NULL,
  PRIMARY KEY (`id`),
  KEY `payments_payable_id_payable_type_index` (`payable_id`,`payable_type`),
  KEY `payments_user_id_index` (`user_id`),
  CONSTRAINT `payments_user_id_foreign` FOREIGN KEY (`user_id`) REFERENCES `users` (`id`) ON DELETE CASCADE
) ENGINE=InnoDB DEFAULT CHARSET=utf8 COLLATE=utf8_unicode_ci;
/*!40101 SET character_set_client = @saved_cs_client */;

--
-- Dumping data for table `payments`
--

LOCK TABLES `payments` WRITE;
/*!40000 ALTER TABLE `payments` DISABLE KEYS */;
/*!40000 ALTER TABLE `payments` ENABLE KEYS */;
UNLOCK TABLES;

--
-- Table structure for table `permission_role`
--

DROP TABLE IF EXISTS `permission_role`;
/*!40101 SET @saved_cs_client     = @@character_set_client */;
/*!40101 SET character_set_client = utf8 */;
CREATE TABLE `permission_role` (
  `id` int(10) unsigned NOT NULL AUTO_INCREMENT,
  `permission_id` int(10) unsigned NOT NULL,
  `role_id` int(10) unsigned NOT NULL,
  `created_at` timestamp NULL DEFAULT NULL,
  `updated_at` timestamp NULL DEFAULT NULL,
  PRIMARY KEY (`id`),
  KEY `permission_role_permission_id_index` (`permission_id`),
  KEY `permission_role_role_id_index` (`role_id`),
  CONSTRAINT `permission_role_permission_id_foreign` FOREIGN KEY (`permission_id`) REFERENCES `permissions` (`id`) ON DELETE CASCADE,
  CONSTRAINT `permission_role_role_id_foreign` FOREIGN KEY (`role_id`) REFERENCES `roles` (`id`) ON DELETE CASCADE
) ENGINE=InnoDB DEFAULT CHARSET=utf8 COLLATE=utf8_unicode_ci;
/*!40101 SET character_set_client = @saved_cs_client */;

--
-- Dumping data for table `permission_role`
--

LOCK TABLES `permission_role` WRITE;
/*!40000 ALTER TABLE `permission_role` DISABLE KEYS */;
/*!40000 ALTER TABLE `permission_role` ENABLE KEYS */;
UNLOCK TABLES;

--
-- Table structure for table `permissions`
--

DROP TABLE IF EXISTS `permissions`;
/*!40101 SET @saved_cs_client     = @@character_set_client */;
/*!40101 SET character_set_client = utf8 */;
CREATE TABLE `permissions` (
  `id` int(10) unsigned NOT NULL AUTO_INCREMENT,
  `name` varchar(255) COLLATE utf8_unicode_ci NOT NULL,
  `slug` varchar(255) COLLATE utf8_unicode_ci NOT NULL,
  `description` text COLLATE utf8_unicode_ci,
  `created_at` timestamp NULL DEFAULT NULL,
  `updated_at` timestamp NULL DEFAULT NULL,
  PRIMARY KEY (`id`),
  UNIQUE KEY `permissions_slug_unique` (`slug`),
  KEY `permissions_name_index` (`name`)
) ENGINE=InnoDB DEFAULT CHARSET=utf8 COLLATE=utf8_unicode_ci;
/*!40101 SET character_set_client = @saved_cs_client */;

--
-- Dumping data for table `permissions`
--

LOCK TABLES `permissions` WRITE;
/*!40000 ALTER TABLE `permissions` DISABLE KEYS */;
/*!40000 ALTER TABLE `permissions` ENABLE KEYS */;
UNLOCK TABLES;

--
-- Table structure for table `profiles`
--

DROP TABLE IF EXISTS `profiles`;
/*!40101 SET @saved_cs_client     = @@character_set_client */;
/*!40101 SET character_set_client = utf8 */;
CREATE TABLE `profiles` (
  `id` int(10) unsigned NOT NULL AUTO_INCREMENT,
  `user_id` int(10) unsigned NOT NULL,
  `postal_address` varchar(255) COLLATE utf8_unicode_ci NOT NULL,
  `postal_code` varchar(255) COLLATE utf8_unicode_ci NOT NULL,
  `town` varchar(255) COLLATE utf8_unicode_ci NOT NULL,
  `gender` enum('Male','Female') COLLATE utf8_unicode_ci NOT NULL DEFAULT 'Male',
  `next_of_kin` varchar(255) COLLATE utf8_unicode_ci NOT NULL,
  `relationship` varchar(255) COLLATE utf8_unicode_ci NOT NULL,
  `nationality` varchar(255) COLLATE utf8_unicode_ci NOT NULL DEFAULT 'Kenya',
  `sub_county` int(10) unsigned NOT NULL,
  `constituency_id` int(10) unsigned NOT NULL,
  `phone1` varchar(255) COLLATE utf8_unicode_ci NOT NULL,
  `phone2` varchar(255) COLLATE utf8_unicode_ci NOT NULL,
  `disability` tinyint(1) NOT NULL DEFAULT '0',
  `disability_type` enum('Mental','Physical') COLLATE utf8_unicode_ci DEFAULT NULL,
  `disability_details` text COLLATE utf8_unicode_ci,
  `created_at` timestamp NULL DEFAULT NULL,
  `updated_at` timestamp NULL DEFAULT NULL,
  PRIMARY KEY (`id`),
  KEY `profiles_user_id_index` (`user_id`),
  KEY `profiles_sub_county_index` (`sub_county`),
  KEY `profiles_constituency_id_index` (`constituency_id`),
  CONSTRAINT `profiles_constituency_id_foreign` FOREIGN KEY (`constituency_id`) REFERENCES `constituencies` (`id`) ON DELETE CASCADE,
  CONSTRAINT `profiles_sub_county_foreign` FOREIGN KEY (`sub_county`) REFERENCES `sub_counties` (`id`) ON DELETE CASCADE,
  CONSTRAINT `profiles_user_id_foreign` FOREIGN KEY (`user_id`) REFERENCES `users` (`id`) ON DELETE CASCADE
) ENGINE=InnoDB DEFAULT CHARSET=utf8 COLLATE=utf8_unicode_ci;
/*!40101 SET character_set_client = @saved_cs_client */;

--
-- Dumping data for table `profiles`
--

LOCK TABLES `profiles` WRITE;
/*!40000 ALTER TABLE `profiles` DISABLE KEYS */;
/*!40000 ALTER TABLE `profiles` ENABLE KEYS */;
UNLOCK TABLES;

--
-- Table structure for table `receipt_tokens`
--

DROP TABLE IF EXISTS `receipt_tokens`;
/*!40101 SET @saved_cs_client     = @@character_set_client */;
/*!40101 SET character_set_client = utf8 */;
CREATE TABLE `receipt_tokens` (
  `id` int(10) unsigned NOT NULL AUTO_INCREMENT,
  `token` varchar(255) COLLATE utf8_unicode_ci NOT NULL,
  `created_at` timestamp NULL DEFAULT NULL,
  `updated_at` timestamp NULL DEFAULT NULL,
  PRIMARY KEY (`id`),
  UNIQUE KEY `receipt_tokens_token_unique` (`token`)
) ENGINE=InnoDB DEFAULT CHARSET=utf8 COLLATE=utf8_unicode_ci;
/*!40101 SET character_set_client = @saved_cs_client */;

--
-- Dumping data for table `receipt_tokens`
--

LOCK TABLES `receipt_tokens` WRITE;
/*!40000 ALTER TABLE `receipt_tokens` DISABLE KEYS */;
/*!40000 ALTER TABLE `receipt_tokens` ENABLE KEYS */;
UNLOCK TABLES;

--
-- Table structure for table `role_user`
--

DROP TABLE IF EXISTS `role_user`;
/*!40101 SET @saved_cs_client     = @@character_set_client */;
/*!40101 SET character_set_client = utf8 */;
CREATE TABLE `role_user` (
  `id` int(10) unsigned NOT NULL AUTO_INCREMENT,
  `role_id` int(10) unsigned NOT NULL,
  `user_id` int(10) unsigned NOT NULL,
  `created_at` timestamp NULL DEFAULT NULL,
  `updated_at` timestamp NULL DEFAULT NULL,
  PRIMARY KEY (`id`),
  KEY `role_user_role_id_index` (`role_id`),
  KEY `role_user_user_id_index` (`user_id`),
  CONSTRAINT `role_user_role_id_foreign` FOREIGN KEY (`role_id`) REFERENCES `roles` (`id`) ON DELETE CASCADE,
  CONSTRAINT `role_user_user_id_foreign` FOREIGN KEY (`user_id`) REFERENCES `users` (`id`) ON DELETE CASCADE
) ENGINE=InnoDB AUTO_INCREMENT=4 DEFAULT CHARSET=utf8 COLLATE=utf8_unicode_ci;
/*!40101 SET character_set_client = @saved_cs_client */;

--
-- Dumping data for table `role_user`
--

LOCK TABLES `role_user` WRITE;
/*!40000 ALTER TABLE `role_user` DISABLE KEYS */;
INSERT INTO `role_user` VALUES (1,2,1,'2016-03-18 08:51:46','2016-03-18 08:51:46'),(2,1,1,'2016-03-18 08:52:47','2016-03-18 08:52:47'),(3,2,2,'2016-03-18 10:06:38','2016-03-18 10:06:38');
/*!40000 ALTER TABLE `role_user` ENABLE KEYS */;
UNLOCK TABLES;

--
-- Table structure for table `roles`
--

DROP TABLE IF EXISTS `roles`;
/*!40101 SET @saved_cs_client     = @@character_set_client */;
/*!40101 SET character_set_client = utf8 */;
CREATE TABLE `roles` (
  `id` int(10) unsigned NOT NULL AUTO_INCREMENT,
  `name` varchar(255) COLLATE utf8_unicode_ci NOT NULL,
  `slug` varchar(255) COLLATE utf8_unicode_ci NOT NULL,
  `special` enum('all-access','no-access') COLLATE utf8_unicode_ci DEFAULT NULL,
  `status` tinyint(1) NOT NULL DEFAULT '1',
  `category` enum('Frontend Access','Backend Access') COLLATE utf8_unicode_ci NOT NULL DEFAULT 'Frontend Access',
  `description` longtext COLLATE utf8_unicode_ci,
  `created_at` timestamp NULL DEFAULT NULL,
  `updated_at` timestamp NULL DEFAULT NULL,
  PRIMARY KEY (`id`),
  UNIQUE KEY `roles_slug_unique` (`slug`),
  KEY `roles_name_index` (`name`),
  KEY `roles_special_index` (`special`)
) ENGINE=InnoDB AUTO_INCREMENT=3 DEFAULT CHARSET=utf8 COLLATE=utf8_unicode_ci;
/*!40101 SET character_set_client = @saved_cs_client */;

--
-- Dumping data for table `roles`
--

LOCK TABLES `roles` WRITE;
/*!40000 ALTER TABLE `roles` DISABLE KEYS */;
INSERT INTO `roles` VALUES (1,'Administrator','root','all-access',1,'Backend Access',NULL,'2016-03-18 08:51:10','2016-03-18 08:51:10'),(2,'Student','student',NULL,1,'Frontend Access',NULL,'2016-03-18 08:51:10','2016-03-18 08:51:10');
/*!40000 ALTER TABLE `roles` ENABLE KEYS */;
UNLOCK TABLES;

--
-- Table structure for table `services`
--

DROP TABLE IF EXISTS `services`;
/*!40101 SET @saved_cs_client     = @@character_set_client */;
/*!40101 SET character_set_client = utf8 */;
CREATE TABLE `services` (
  `id` int(10) unsigned NOT NULL AUTO_INCREMENT,
  `name` varchar(255) COLLATE utf8_unicode_ci NOT NULL,
  `code` varchar(255) COLLATE utf8_unicode_ci DEFAULT NULL,
  `description` longtext COLLATE utf8_unicode_ci NOT NULL,
  `limits` int(11) DEFAULT '0',
  `status` tinyint(1) NOT NULL DEFAULT '0',
  `user_id` int(10) unsigned DEFAULT NULL,
  `created_at` timestamp NULL DEFAULT NULL,
  `updated_at` timestamp NULL DEFAULT NULL,
  PRIMARY KEY (`id`),
  KEY `services_user_id_index` (`user_id`),
  CONSTRAINT `services_user_id_foreign` FOREIGN KEY (`user_id`) REFERENCES `users` (`id`) ON DELETE CASCADE
) ENGINE=InnoDB AUTO_INCREMENT=2 DEFAULT CHARSET=utf8 COLLATE=utf8_unicode_ci;
/*!40101 SET character_set_client = @saved_cs_client */;

--
-- Dumping data for table `services`
--

LOCK TABLES `services` WRITE;
/*!40000 ALTER TABLE `services` DISABLE KEYS */;
INSERT INTO `services` VALUES (1,'September 2016 Intake','IN0916','September 2016 intake',1,0,1,'2016-03-22 13:35:58','2016-03-22 13:35:58');
/*!40000 ALTER TABLE `services` ENABLE KEYS */;
UNLOCK TABLES;

--
-- Table structure for table `settings`
--

DROP TABLE IF EXISTS `settings`;
/*!40101 SET @saved_cs_client     = @@character_set_client */;
/*!40101 SET character_set_client = utf8 */;
CREATE TABLE `settings` (
  `id` int(10) unsigned NOT NULL AUTO_INCREMENT,
  `key` varchar(255) COLLATE utf8_unicode_ci NOT NULL,
  `value` text COLLATE utf8_unicode_ci NOT NULL,
  PRIMARY KEY (`id`),
  KEY `settings_key_index` (`key`)
) ENGINE=InnoDB DEFAULT CHARSET=utf8 COLLATE=utf8_unicode_ci;
/*!40101 SET character_set_client = @saved_cs_client */;

--
-- Dumping data for table `settings`
--

LOCK TABLES `settings` WRITE;
/*!40000 ALTER TABLE `settings` DISABLE KEYS */;
/*!40000 ALTER TABLE `settings` ENABLE KEYS */;
UNLOCK TABLES;

--
-- Table structure for table `statuses`
--

DROP TABLE IF EXISTS `statuses`;
/*!40101 SET @saved_cs_client     = @@character_set_client */;
/*!40101 SET character_set_client = utf8 */;
CREATE TABLE `statuses` (
  `id` int(10) unsigned NOT NULL AUTO_INCREMENT,
  `name` varchar(255) COLLATE utf8_unicode_ci NOT NULL,
  `type` varchar(255) COLLATE utf8_unicode_ci NOT NULL,
  `icon` varchar(255) COLLATE utf8_unicode_ci NOT NULL,
  `created_at` timestamp NULL DEFAULT NULL,
  `updated_at` timestamp NULL DEFAULT NULL,
  PRIMARY KEY (`id`)
) ENGINE=InnoDB AUTO_INCREMENT=6 DEFAULT CHARSET=utf8 COLLATE=utf8_unicode_ci;
/*!40101 SET character_set_client = @saved_cs_client */;

--
-- Dumping data for table `statuses`
--

LOCK TABLES `statuses` WRITE;
/*!40000 ALTER TABLE `statuses` DISABLE KEYS */;
INSERT INTO `statuses` VALUES (1,'Pending','info','fa-info',NULL,NULL),(2,'Approved','success','fa-check',NULL,NULL),(3,'Review','warning','fa-question-circle',NULL,NULL),(4,'Rejected','danger','fa-times',NULL,NULL),(5,'Completed','success','fa-star',NULL,NULL);
/*!40000 ALTER TABLE `statuses` ENABLE KEYS */;
UNLOCK TABLES;

--
-- Table structure for table `sub_counties`
--

DROP TABLE IF EXISTS `sub_counties`;
/*!40101 SET @saved_cs_client     = @@character_set_client */;
/*!40101 SET character_set_client = utf8 */;
CREATE TABLE `sub_counties` (
  `id` int(10) unsigned NOT NULL AUTO_INCREMENT,
  `county_id` int(10) unsigned NOT NULL,
  `name` varchar(255) COLLATE utf8_unicode_ci NOT NULL,
  `created_at` timestamp NULL DEFAULT NULL,
  `updated_at` timestamp NULL DEFAULT NULL,
  PRIMARY KEY (`id`),
  KEY `sub_counties_county_id_index` (`county_id`),
  CONSTRAINT `sub_counties_county_id_foreign` FOREIGN KEY (`county_id`) REFERENCES `counties` (`id`) ON DELETE CASCADE
) ENGINE=InnoDB DEFAULT CHARSET=utf8 COLLATE=utf8_unicode_ci;
/*!40101 SET character_set_client = @saved_cs_client */;

--
-- Dumping data for table `sub_counties`
--

LOCK TABLES `sub_counties` WRITE;
/*!40000 ALTER TABLE `sub_counties` DISABLE KEYS */;
/*!40000 ALTER TABLE `sub_counties` ENABLE KEYS */;
UNLOCK TABLES;

--
-- Table structure for table `subjects`
--

DROP TABLE IF EXISTS `subjects`;
/*!40101 SET @saved_cs_client     = @@character_set_client */;
/*!40101 SET character_set_client = utf8 */;
CREATE TABLE `subjects` (
  `id` int(10) unsigned NOT NULL AUTO_INCREMENT,
  `name` varchar(255) COLLATE utf8_unicode_ci NOT NULL,
  `created_at` timestamp NULL DEFAULT NULL,
  `updated_at` timestamp NULL DEFAULT NULL,
  PRIMARY KEY (`id`)
) ENGINE=InnoDB AUTO_INCREMENT=15 DEFAULT CHARSET=utf8 COLLATE=utf8_unicode_ci;
/*!40101 SET character_set_client = @saved_cs_client */;

--
-- Dumping data for table `subjects`
--

LOCK TABLES `subjects` WRITE;
/*!40000 ALTER TABLE `subjects` DISABLE KEYS */;
INSERT INTO `subjects` VALUES (1,'English','2016-03-18 08:51:10','2016-03-18 08:51:10'),(2,'Swahili','2016-03-18 08:51:10','2016-03-18 08:51:10'),(3,'Bioligy/Biological Sciences','2016-03-18 08:51:10','2016-03-18 08:51:10'),(4,'Physics/Physical Sciences','2016-03-18 08:51:10','2016-03-18 08:51:10'),(5,'Mathematics','2016-03-18 08:51:10','2016-03-18 08:51:10'),(6,'Chemistry','2016-03-18 08:51:10','2016-03-18 08:51:10'),(7,'Home Science','2016-03-18 08:51:10','2016-03-18 08:51:10'),(8,'Agriculture','2016-03-18 08:51:10','2016-03-18 08:51:10'),(9,'General Science','2016-03-18 08:51:10','2016-03-18 08:51:10'),(10,'Computer Studies','2016-03-18 08:51:10','2016-03-18 08:51:10'),(11,'Business Studies','2016-03-18 08:51:10','2016-03-18 08:51:10'),(12,'Woodwork','2016-03-18 08:51:10','2016-03-18 08:51:10'),(13,'Metal Work','2016-03-18 08:51:10','2016-03-18 08:51:10'),(14,'Music','2016-03-18 08:51:10','2016-03-18 08:51:10');
/*!40000 ALTER TABLE `subjects` ENABLE KEYS */;
UNLOCK TABLES;

--
-- Table structure for table `templates`
--

DROP TABLE IF EXISTS `templates`;
/*!40101 SET @saved_cs_client     = @@character_set_client */;
/*!40101 SET character_set_client = utf8 */;
CREATE TABLE `templates` (
  `id` int(10) unsigned NOT NULL AUTO_INCREMENT,
  `name` varchar(255) COLLATE utf8_unicode_ci NOT NULL,
  `description` longtext COLLATE utf8_unicode_ci NOT NULL,
  `sms_text` longtext COLLATE utf8_unicode_ci,
  `sms` tinyint(1) NOT NULL DEFAULT '1',
  `created_by` int(10) unsigned NOT NULL,
  `status` tinyint(1) NOT NULL DEFAULT '1',
  `created_at` timestamp NULL DEFAULT NULL,
  `updated_at` timestamp NULL DEFAULT NULL,
  PRIMARY KEY (`id`),
  KEY `templates_created_by_foreign` (`created_by`),
  CONSTRAINT `templates_created_by_foreign` FOREIGN KEY (`created_by`) REFERENCES `users` (`id`) ON DELETE CASCADE
) ENGINE=InnoDB AUTO_INCREMENT=2 DEFAULT CHARSET=utf8 COLLATE=utf8_unicode_ci;
/*!40101 SET character_set_client = @saved_cs_client */;

--
-- Dumping data for table `templates`
--

LOCK TABLES `templates` WRITE;
/*!40000 ALTER TABLE `templates` DISABLE KEYS */;
INSERT INTO `templates` VALUES (1,'Test','Testing','Testing',1,1,1,'2016-03-21 17:35:08','2016-03-21 17:35:08');
/*!40000 ALTER TABLE `templates` ENABLE KEYS */;
UNLOCK TABLES;

--
-- Table structure for table `users`
--

DROP TABLE IF EXISTS `users`;
/*!40101 SET @saved_cs_client     = @@character_set_client */;
/*!40101 SET character_set_client = utf8 */;
CREATE TABLE `users` (
  `id` int(10) unsigned NOT NULL AUTO_INCREMENT,
  `name` varchar(255) COLLATE utf8_unicode_ci NOT NULL,
  `id_number` varchar(40) COLLATE utf8_unicode_ci DEFAULT NULL,
  `phone` varchar(255) COLLATE utf8_unicode_ci NOT NULL,
  `email` varchar(255) COLLATE utf8_unicode_ci NOT NULL,
  `password` varchar(60) COLLATE utf8_unicode_ci NOT NULL,
  `avatar` varchar(200) COLLATE utf8_unicode_ci DEFAULT NULL,
  `remember_token` varchar(100) COLLATE utf8_unicode_ci DEFAULT NULL,
  `active` tinyint(1) NOT NULL DEFAULT '0',
  `confirmed` tinyint(1) NOT NULL DEFAULT '0',
  `phone_verified` tinyint(1) NOT NULL DEFAULT '0',
  `email_verified` tinyint(1) DEFAULT '0',
  `confirm_token` varchar(225) COLLATE utf8_unicode_ci DEFAULT NULL,
  `prepaid` tinyint(1) NOT NULL DEFAULT '1',
  `balance` double NOT NULL DEFAULT '0',
  `role_id` int(11) NOT NULL,
  `created_at` timestamp NULL DEFAULT NULL,
  `updated_at` timestamp NULL DEFAULT NULL,
  PRIMARY KEY (`id`),
  UNIQUE KEY `users_email_unique` (`email`),
  UNIQUE KEY `id_number` (`id_number`),
  KEY `users_name_index` (`name`),
  KEY `users_phone_index` (`phone`),
  KEY `users_active_index` (`active`),
  KEY `users_confirmed_index` (`confirmed`),
  KEY `users_role_id_index` (`role_id`)
) ENGINE=InnoDB AUTO_INCREMENT=3 DEFAULT CHARSET=utf8 COLLATE=utf8_unicode_ci;
/*!40101 SET character_set_client = @saved_cs_client */;

--
-- Dumping data for table `users`
--

LOCK TABLES `users` WRITE;
/*!40000 ALTER TABLE `users` DISABLE KEYS */;
INSERT INTO `users` VALUES (1,'Mitamita',NULL,'+254702997218','mitacliff@gmail.com','$2y$10$riSlfQ.BrtNSTamt8mJUHed5yv7Q2RHeOYtwg/Gc7JHiVkVpTlgFi',NULL,'oBmTeR6PqbuMo22Lvx0i2diqybMltlolxRf3YwCUqBQ5Nd8OiJQjE0NvmAJB',1,1,0,0,'d31acabf2099d2364381789a230a89fb',1,0,2,'2016-03-18 08:51:46','2016-03-22 16:29:07'),(2,'Osccar',NULL,'+254702997217','mitacliff@outlook.com','$2y$10$aqEr.nHkmYKHrhRiLUDqWeGACGb7dyzlhv8BVwwdbw5LRT.xyWDZy',NULL,'i7GS4uZLxGg8ruwy9HmyJnZtYXJeTH95Q7u5eWwWXowfEYiQtdg3IMAWVJMb',1,1,0,0,'5b9533aa9e53cc73697498c814c34b94',1,0,2,'2016-03-18 10:06:38','2016-03-22 17:51:44');
/*!40000 ALTER TABLE `users` ENABLE KEYS */;
UNLOCK TABLES;

--
-- Table structure for table `wallet_statements`
--

DROP TABLE IF EXISTS `wallet_statements`;
/*!40101 SET @saved_cs_client     = @@character_set_client */;
/*!40101 SET character_set_client = utf8 */;
CREATE TABLE `wallet_statements` (
  `id` int(10) unsigned NOT NULL AUTO_INCREMENT,
  `wallet_id` int(10) unsigned NOT NULL,
  `money_in` tinyint(1) NOT NULL DEFAULT '1',
  `amount` double NOT NULL,
  `balance` double NOT NULL,
  `txn_date` datetime NOT NULL,
  `notes` text COLLATE utf8_unicode_ci,
  `created_at` timestamp NULL DEFAULT NULL,
  `updated_at` timestamp NULL DEFAULT NULL,
  PRIMARY KEY (`id`),
  KEY `wallet_statements_wallet_id_index` (`wallet_id`),
  CONSTRAINT `wallet_statements_wallet_id_foreign` FOREIGN KEY (`wallet_id`) REFERENCES `wallets` (`id`) ON DELETE CASCADE
) ENGINE=InnoDB DEFAULT CHARSET=utf8 COLLATE=utf8_unicode_ci;
/*!40101 SET character_set_client = @saved_cs_client */;

--
-- Dumping data for table `wallet_statements`
--

LOCK TABLES `wallet_statements` WRITE;
/*!40000 ALTER TABLE `wallet_statements` DISABLE KEYS */;
/*!40000 ALTER TABLE `wallet_statements` ENABLE KEYS */;
UNLOCK TABLES;

--
-- Table structure for table `wallets`
--

DROP TABLE IF EXISTS `wallets`;
/*!40101 SET @saved_cs_client     = @@character_set_client */;
/*!40101 SET character_set_client = utf8 */;
CREATE TABLE `wallets` (
  `id` int(10) unsigned NOT NULL AUTO_INCREMENT,
  `id_number` varchar(255) COLLATE utf8_unicode_ci NOT NULL,
  `balance` double NOT NULL DEFAULT '0',
  `created_at` timestamp NULL DEFAULT NULL,
  `updated_at` timestamp NULL DEFAULT NULL,
  PRIMARY KEY (`id`),
  UNIQUE KEY `wallets_id_number_unique` (`id_number`)
) ENGINE=InnoDB DEFAULT CHARSET=utf8 COLLATE=utf8_unicode_ci;
/*!40101 SET character_set_client = @saved_cs_client */;

--
-- Dumping data for table `wallets`
--

LOCK TABLES `wallets` WRITE;
/*!40000 ALTER TABLE `wallets` DISABLE KEYS */;
/*!40000 ALTER TABLE `wallets` ENABLE KEYS */;
UNLOCK TABLES;
/*!40103 SET TIME_ZONE=@OLD_TIME_ZONE */;

/*!40101 SET SQL_MODE=@OLD_SQL_MODE */;
/*!40014 SET FOREIGN_KEY_CHECKS=@OLD_FOREIGN_KEY_CHECKS */;
/*!40014 SET UNIQUE_CHECKS=@OLD_UNIQUE_CHECKS */;
/*!40101 SET CHARACTER_SET_CLIENT=@OLD_CHARACTER_SET_CLIENT */;
/*!40101 SET CHARACTER_SET_RESULTS=@OLD_CHARACTER_SET_RESULTS */;
/*!40101 SET COLLATION_CONNECTION=@OLD_COLLATION_CONNECTION */;
/*!40111 SET SQL_NOTES=@OLD_SQL_NOTES */;

-- Dump completed on 2016-03-23  0:29:21
